appid,name,developer,publisher,release_date,price_usd,full_price_usd,discount_pct,positive_reviews,negative_reviews,total_reviews,positive_pct,owners_low,owners_high,owners_mid,current_players,release_year,release_month
730,Counter-Strike: Global Offensive,Valve,Valve,2012-08-21,0.0,0.0,0,7642084,1173003,8815087,86.7,100000000,200000000,150000000,1013936,2012,8
1172470,Apex Legends,Respawn,Electronic Arts,2020-11-04,0.0,0.0,0,668053,326926,994979,67.1,100000000,200000000,150000000,124262,2020,11
578080,PUBG: BATTLEGROUNDS,PUBG Corporation,"KRAFTON, Inc.",2017-12-21,0.0,0.0,0,1520457,1037487,2557944,59.4,100000000,200000000,150000000,314682,2017,12
1623730,Palworld,Pocketpair,Pocketpair,2026-07-09,29.99,29.99,0,358266,22443,380709,94.1,50000000,100000000,75000000,18028,2026,7
440,Team Fortress 2,Valve,Valve,2007-10-10,0.0,0.0,0,1044264,117208,1161472,89.9,50000000,100000000,75000000,43819,2007,10
1938090,Call of Duty: Modern Warfare II,"Treyarch, Raven Software, Beenox, High Moon Studios, Activision Shanghai, Sledgehammer Games, Infinity Ward, Demonware, Toys for Bob",Activision,2022-10-27,38.49,69.99,45,419594,294520,714114,58.8,50000000,100000000,75000000,67419,2022,10
1063730,New World: Aeternum,Amazon Games,Amazon Games,2021-09-28,59.99,59.99,0,196798,90080,286878,68.6,50000000,100000000,75000000,5583,2021,9
2358720,Black Myth: Wukong,Game Science,Game Science,2024-08-19,59.99,59.99,0,1111720,38378,1150098,96.7,50000000,100000000,75000000,15004,2024,8
271590,Grand Theft Auto V Legacy,Rockstar North,Rockstar Games,2015-04-13,0.0,0.0,0,1739980,250576,1990556,87.4,50000000,100000000,75000000,67851,2015,4
550,Left 4 Dead 2,Valve,Valve,2009-11-16,9.99,9.99,0,940221,23762,963983,97.5,50000000,100000000,75000000,25122,2009,11
304930,Unturned,Smartly Dressed Games,Smartly Dressed Games,2017-07-07,0.0,0.0,0,506516,48852,555368,91.2,50000000,100000000,75000000,10408,2017,7
1599340,Lost Ark,Smilegate RPG,Amazon Games,2022-02-11,0.0,0.0,0,143481,58540,202021,71.0,50000000,100000000,75000000,17355,2022,2
236390,War Thunder,Gaijin Entertainment,Gaijin Network Ltd,2013-08-15,0.0,0.0,0,484469,272617,757086,64.0,20000000,50000000,35000000,50478,2013,8
2246340,Monster Hunter Wilds,"CAPCOM Co., Ltd.","CAPCOM Co., Ltd.",2025-02-27,39.99,39.99,0,127273,91142,218415,58.3,20000000,50000000,35000000,12494,2025,2
553850,HELLDIVERS 2,Arrowhead Game Studios,PlayStation Publishing LLC,2024-02-08,39.99,39.99,0,775883,241752,1017635,76.2,20000000,50000000,35000000,53399,2024,2
230410,Warframe,Digital Extremes,Digital Extremes,2013-03-25,0.0,0.0,0,545393,81110,626503,87.1,20000000,50000000,35000000,36195,2013,3
1245620,ELDEN RING,"FromSoftware, Inc.","FromSoftware, Inc., Bandai Namco Entertainment",2022-02-24,59.99,59.99,0,981540,75137,1056677,92.9,20000000,50000000,35000000,29529,2022,2
105600,Terraria,Re-Logic,Re-Logic,2011-05-16,9.99,9.99,0,1373979,35494,1409473,97.5,20000000,50000000,35000000,24580,2011,5
2694490,Path of Exile 2,Grinding Gear Games,Grinding Gear Games,2024-12-06,29.99,29.99,0,118511,50510,169021,70.1,20000000,50000000,35000000,16727,2024,12
431960,Wallpaper Engine,Wallpaper Engine Team,Wallpaper Engine Team,2018-11-16,4.99,4.99,0,876898,17560,894458,98.0,20000000,50000000,35000000,91184,2018,11
1086940,Baldur's Gate 3,Larian Studios,Larian Studios,2023-08-03,44.99,59.99,25,736688,23974,760662,96.8,20000000,50000000,35000000,54771,2023,8
291550,Brawlhalla,Blue Mammoth Games,Ubisoft,2017-10-17,0.0,0.0,0,314809,71647,386456,81.5,20000000,50000000,35000000,14169,2017,10
4000,Garry's Mod,Facepunch Studios,Valve,2006-11-29,9.99,9.99,0,1122546,37161,1159707,96.8,20000000,50000000,35000000,18400,2006,11
1085660,Destiny 2,Bungie,Bungie,2019-10-01,0.0,0.0,0,497891,127725,625616,79.6,20000000,50000000,35000000,24619,2019,10
359550,Tom Clancy's Rainbow Six Siege,Ubisoft Montreal,Ubisoft,2015-12-01,19.99,19.99,0,1172854,225730,1398584,83.9,20000000,50000000,35000000,51847,2015,12
252490,Rust,Facepunch Studios,Facepunch Studios,2018-02-08,19.99,39.99,50,1071135,156649,1227784,87.2,20000000,50000000,35000000,143870,2018,2
552990,World of Warships,Wargaming Group Limited,Wargaming Group Limited,2017-11-15,0.0,0.0,0,112887,33665,146552,77.0,20000000,50000000,35000000,8518,2017,11
346110,ARK: Survival Evolved,"Studio Wildcard, Instinct Games, Efecto Studios, Virtual Basement LLC","Studio Wildcard, Snail Games USA",2017-08-27,14.99,14.99,0,612177,117993,730170,83.8,20000000,50000000,35000000,22170,2017,8
413150,Stardew Valley,ConcernedApe,ConcernedApe,2016-02-26,14.99,14.99,0,872384,13811,886195,98.4,20000000,50000000,35000000,50662,2016,2
242760,The Forest,Endnight Games Ltd,Endnight Games Ltd,2018-04-30,19.99,19.99,0,599805,27986,627791,95.5,20000000,50000000,35000000,2892,2018,4
1491000,War Robots: Frontiers,MY.GAMES,MY.GAMES,2025-03-04,0.0,0.0,0,1977,1105,3082,64.1,20000000,50000000,35000000,256,2025,3
238960,Path of Exile,Grinding Gear Games,Grinding Gear Games,2013-10-23,0.0,0.0,0,209822,25269,235091,89.3,20000000,50000000,35000000,4694,2013,10
218620,PAYDAY 2,"OVERKILL - a Starbreeze Studio., Sidetrack Games",Starbreeze Entertainment,2013-08-13,9.99,9.99,0,594327,68755,663082,89.6,20000000,50000000,35000000,27254,2013,8
291480,Warface: Clutch,MY.GAMES,MY.GAMES,2014-07-01,0.0,0.0,0,54554,27643,82197,66.4,20000000,50000000,35000000,270,2014,7
901583,Grand Theft Auto IV: Complete Edition,"Rockstar North, Rockstar Toronto",Rockstar Games,,0.0,0.0,0,144570,30702,175272,82.5,20000000,50000000,35000000,0,,
899770,Last Epoch,Eleventh Hour Games,"Eleventh Hour Games, KRAFTON, Inc",2024-02-21,34.99,34.99,0,88027,22596,110623,79.6,20000000,50000000,35000000,5831,2024,2
340,Half-Life 2: Lost Coast,Valve,Valve,2005-10-27,19.99,19.99,0,12215,1471,13686,89.3,20000000,50000000,35000000,2,2005,10
1091500,Cyberpunk 2077,CD PROJEKT RED,CD PROJEKT RED,2020-12-09,59.99,59.99,0,713071,131850,844921,84.4,20000000,50000000,35000000,22265,2020,12
381210,Dead by Daylight,Behaviour Interactive Inc.,Behaviour Interactive Inc.,2016-06-14,19.99,19.99,0,630223,166993,797216,79.1,20000000,50000000,35000000,44886,2016,6
990080,Hogwarts Legacy,Avalanche Software,Warner Bros. Games,2023-02-10,59.99,59.99,0,289966,31429,321395,90.2,20000000,50000000,35000000,5716,2023,2
438100,VRChat,VRChat Inc.,VRChat Inc.,2017-02-01,0.0,0.0,0,181623,58732,240355,75.6,20000000,50000000,35000000,34699,2017,2
292030,The Witcher 3: Wild Hunt - Complete Edition,CD PROJEKT RED,CD PROJEKT RED,2015-05-18,24.99,49.99,50,802993,32356,835349,96.1,20000000,50000000,35000000,15893,2015,5
945360,Among Us,Innersloth,Innersloth,2018-11-16,4.99,4.99,0,643681,57104,700785,91.9,20000000,50000000,35000000,3832,2018,11
1097150,Fall Guys: Ultimate Knockout,Mediatonic,Ravenscourt,2020-08-03,0.0,0.0,0,385154,88589,473743,81.3,20000000,50000000,35000000,664,2020,8
49520,Borderlands 2,"Gearbox Software, Aspyr (Mac), Aspyr (Linux)","2K, Aspyr (Mac), Aspyr (Linux)",2012-09-17,5.99,39.99,85,272900,22318,295218,92.4,10000000,20000000,15000000,8551,2012,9
227300,Euro Truck Simulator 2,SCS Software,SCS Software,2012-10-12,4.99,19.99,75,844480,22924,867404,97.4,10000000,20000000,15000000,17281,2012,10
892970,Valheim,Iron Gate AB,Coffee Stain Publishing,2026-09-09,29.99,29.99,0,471451,28377,499828,94.3,10000000,20000000,15000000,14439,2026,9
739630,Phasmophobia,Kinetic Games,Kinetic Games,2020-09-18,19.99,19.99,0,736611,32168,768779,95.8,10000000,20000000,15000000,9978,2020,9
444090,Paladins,Evil Mojo Games,Hi-Rez Studios,2018-05-08,0.0,0.0,0,294373,52031,346404,85.0,10000000,20000000,15000000,1028,2018,5
1203220,NARAKA: BLADEPOINT,24 Entertainment,NetEase Games Global,2021-08-11,0.0,0.0,0,225960,98967,324927,69.5,10000000,20000000,15000000,66954,2021,8
320,Half-Life 2: Deathmatch,Valve,Valve,2004-11-01,19.99,19.99,0,12962,1334,14296,90.7,10000000,20000000,15000000,159,2004,11
70,Half-Life,Valve,Valve,1998-11-19,9.99,9.99,0,143086,5135,148221,96.5,10000000,20000000,15000000,634,1998,11
582010,Monster Hunter: World,"CAPCOM Co., Ltd.","CAPCOM Co., Ltd.",2018-08-08,29.99,29.99,0,434239,59151,493390,88.0,10000000,20000000,15000000,11923,2018,8
227940,Heroes & Generals,TLM Partners,TLM Partners,2016-10-18,0.0,0.0,0,96499,46264,142763,67.6,10000000,20000000,15000000,0,2016,10
252950,Rocket League,Psyonix LLC,Psyonix LLC,2015-07-06,0.0,0.0,0,509445,73775,583220,87.4,10000000,20000000,15000000,21106,2015,7
108600,Project Zomboid,The Indie Stone,The Indie Stone,2013-11-08,24.99,24.99,0,355171,21892,377063,94.2,10000000,20000000,15000000,22864,2013,11
1966720,Lethal Company,Zeekerss,Zeekerss,2023-10-23,9.99,9.99,0,473422,13738,487160,97.2,10000000,20000000,15000000,6199,2023,10
1174180,Red Dead Redemption 2,Rockstar Games,Rockstar Games,2019-12-05,59.99,59.99,0,676667,56875,733542,92.2,10000000,20000000,15000000,29885,2019,12
1517290,Battlefield 2042,DICE,Electronic Arts,2021-11-19,5.99,59.99,90,139186,158588,297774,46.7,10000000,20000000,15000000,2774,2021,11
1240440,Halo Infinite,343 Industries,Xbox Game Studios,2021-11-15,0.0,0.0,0,123333,53708,177041,69.7,10000000,20000000,15000000,2275,2021,11
648800,Raft,Redbeet Interactive,Axolot Games,2022-06-20,19.99,19.99,0,323198,23161,346359,93.3,10000000,20000000,15000000,4701,2022,6
386360,SMITE,Titan Forge Games,Hi-Rez Studios,2015-09-08,0.0,0.0,0,94368,25428,119796,78.8,10000000,20000000,15000000,1853,2015,9
444200,World of Tanks Blitz,Wargaming Group Limited,Wargaming Group Limited,2016-11-09,0.0,0.0,0,116407,31754,148161,78.6,10000000,20000000,15000000,5707,2016,11
10,Counter-Strike,Valve,Valve,2000-11-01,9.99,9.99,0,243818,6427,250245,97.4,10000000,20000000,15000000,7323,2000,11
240,Counter-Strike: Source,Valve,Valve,2004-11-01,9.99,9.99,0,175426,6808,182234,96.3,10000000,20000000,15000000,6187,2004,11
3164500,Schedule I,TVGS,TVGS,2025-03-24,19.99,19.99,0,200803,3238,204041,98.4,10000000,20000000,15000000,22757,2025,3
755790,Ring of Elysium,Aurora Studio,TCH Scarlet Limited,2019-06-24,0.0,0.0,0,74345,25492,99837,74.5,10000000,20000000,15000000,0,2019,6
400,Portal,Valve,Valve,2007-10-10,9.99,9.99,0,175024,2717,177741,98.5,10000000,20000000,15000000,638,2007,10
1222670,The Sims 4,Maxis,Electronic Arts,2020-06-18,0.0,0.0,0,149064,21663,170727,87.3,10000000,20000000,15000000,25276,2020,6
550650,Black Squad,"VALOFE, NS STUDIO",VALOFE,2019-06-26,0.0,0.0,0,62042,19672,81714,75.9,10000000,20000000,15000000,212,2019,6
322330,Don't Starve Together,Klei Entertainment,Klei Entertainment,2016-04-21,14.99,14.99,0,475393,23668,499061,95.3,10000000,20000000,15000000,30542,2016,4
239140,Dying Light,Techland,Techland,2015-01-26,4.99,24.99,80,435687,21945,457632,95.2,10000000,20000000,15000000,4953,2015,1
477160,Human Fall Flat,No Brakes Games,Curve Games,2016-07-22,5.99,19.99,70,202253,11387,213640,94.7,10000000,20000000,15000000,950,2016,7
251570,7 Days to Die,The Fun Pimps,The Fun Pimps Entertainment LLC,2024-07-25,44.99,44.99,0,327889,42157,370046,88.6,10000000,20000000,15000000,17045,2024,7
100,Counter-Strike: Condition Zero,Valve,Valve,2004-03-01,9.99,9.99,0,13442,1535,14977,89.8,10000000,20000000,15000000,83,2004,3
1665460,eFootball,KONAMI,KONAMI,2021-09-29,0.0,0.0,0,44067,48266,92333,47.7,10000000,20000000,15000000,13404,2021,9
417910,Street Warriors Online,Crazy Rocks Studios,Crazy Rocks Studios,2016-12-16,1.99,1.99,0,941,693,1634,57.6,10000000,20000000,15000000,1,2016,12
433850,Z1 Battle Royale,Daybreak Game Company,Daybreak Game Company,2018-02-28,0.0,0.0,0,113729,90284,204013,55.7,10000000,20000000,15000000,1010,2018,2
594650,Hunt: Showdown 1896,Crytek,Crytek,2019-08-27,29.99,29.99,0,181110,67110,248220,73.0,10000000,20000000,15000000,6300,2019,8
814380,Sekiro: Shadows Die Twice - GOTY Edition,"FromSoftware, Inc.","Activision (Excluding Japan and Asia), FromSoftware, Inc. (Japan), 方块游戏 (Asia)",2019-03-21,59.99,59.99,0,307041,15193,322234,95.3,10000000,20000000,15000000,6767,2019,3
1116170,CyberCorp,Megame LLC,Megame LLC,2025-04-22,14.99,14.99,0,266,56,322,82.6,10000000,20000000,15000000,3,2025,4
220,Half-Life 2,Valve,Valve,2004-11-16,9.99,9.99,0,239721,5906,245627,97.6,10000000,20000000,15000000,1555,2004,11
107410,Arma 3,Bohemia Interactive,Bohemia Interactive,2013-09-12,29.99,29.99,0,256128,27136,283264,90.4,10000000,20000000,15000000,7181,2013,9
1326470,Sons Of The Forest,Endnight Games Ltd,Newnight ,2024-02-22,29.99,29.99,0,222495,31051,253546,87.8,10000000,20000000,15000000,4450,2024,2
219990,Grim Dawn,Crate Entertainment,Crate Entertainment,2016-02-25,24.99,24.99,0,93489,6241,99730,93.7,10000000,20000000,15000000,2376,2016,2
255710,Cities: Skylines,Colossal Order,Paradox Interactive,2015-03-10,29.99,29.99,0,256362,19408,275770,93.0,10000000,20000000,15000000,8842,2015,3
261550,Mount & Blade II: Bannerlord,TaleWorlds Entertainment,TaleWorlds Entertainment,2022-10-25,49.99,49.99,0,232360,32031,264391,87.9,10000000,20000000,15000000,14477,2022,10
8930,Sid Meier's Civilization V,"Firaxis Games, Aspyr (Mac), Aspyr (Linux)","2K, Aspyr (Mac), Aspyr (Linux)",2010-09-21,29.99,29.99,0,195724,8541,204265,95.8,10000000,20000000,15000000,12206,2010,9
304050,Trove,gamigo US Inc.,gamigo US Inc.,2015-07-09,0.0,0.0,0,74103,18267,92370,80.2,10000000,20000000,15000000,758,2015,7
289070,Sid Meier’s Civilization VI,"Firaxis Games, Aspyr (Mac), Aspyr (Linux)","2K, Aspyr (Mac), Aspyr (Linux)",2016-10-20,59.99,59.99,0,304053,45867,349920,86.9,10000000,20000000,15000000,25420,2016,10
377160,Fallout 4,Bethesda Game Studios,Bethesda Softworks,2015-11-09,19.99,19.99,0,326054,66233,392287,83.1,10000000,20000000,15000000,11179,2015,11
532210,Life is Strange 2,"DONTNOD Entertainment, Feral Interactive (Mac), Feral Interactive (Linux)","Square Enix, Feral Interactive (Mac), Feral Interactive (Linux)",2018-09-26,31.96,31.96,0,31616,5018,36634,86.3,10000000,20000000,15000000,153,2018,9
2186680,"Warhammer 40,000: Rogue Trader",Owlcat Games,Owlcat Games,2023-12-07,14.99,49.99,70,26360,4445,30805,85.6,10000000,20000000,15000000,3582,2023,12
1238810,Battlefield V,DICE,Electronic Arts,2020-10-22,49.99,49.99,0,177352,72936,250288,70.9,10000000,20000000,15000000,6327,2020,10
3241660,R.E.P.O.,semiwork,semiwork,2025-02-26,9.99,9.99,0,179154,6488,185642,96.5,10000000,20000000,15000000,32349,2025,2
221100,DayZ,Bohemia Interactive,Bohemia Interactive,2018-12-13,49.99,49.99,0,330349,99903,430252,76.8,10000000,20000000,15000000,37066,2018,12
526870,Satisfactory,Coffee Stain Studios,Coffee Stain Publishing,2024-09-10,27.99,39.99,30,225479,6585,232064,97.2,10000000,20000000,15000000,12596,2024,9
1089350,NBA 2K20,Visual Concepts,2K,2019-09-06,0.0,0.0,0,30260,30413,60673,49.9,5000000,10000000,7500000,221,2019,9
632360,Risk of Rain 2,Hopoo Games,"Gearbox Publishing, 2K",2020-08-11,24.99,24.99,0,293127,20450,313577,93.5,5000000,10000000,7500000,7902,2020,8
1811260,EA SPORTS FIFA 23,EA Canada &amp; EA Romania,Electronic Arts,2022-09-30,0.0,0.0,0,86192,65227,151419,56.9,5000000,10000000,7500000,1280,2022,9
204360,Castle Crashers,The Behemoth,The Behemoth,2012-09-26,1.49,14.99,90,120733,4865,125598,96.1,5000000,10000000,7500000,443,2012,9
218230,PlanetSide 2,Rogue Planet Games,Daybreak Game Company,2012-11-20,0.0,0.0,0,59598,14096,73694,80.9,5000000,10000000,7500000,496,2012,11
72850,The Elder Scrolls V: Skyrim,Bethesda Game Studios,Bethesda Softworks,2011-11-10,19.99,19.99,0,300915,16364,317279,94.8,5000000,10000000,7500000,1463,2011,11
394360,Hearts of Iron IV,Paradox Development Studio,Paradox Interactive,2016-06-06,49.99,49.99,0,305168,36982,342150,89.2,5000000,10000000,7500000,32112,2016,6
489830,The Elder Scrolls V: Skyrim Special Edition,Bethesda Game Studios,Bethesda Softworks,2016-10-27,39.99,39.99,0,310162,26896,337058,92.0,5000000,10000000,7500000,25085,2016,10
322170,Geometry Dash,RobTop Games,RobTop Games,2014-12-22,4.99,4.99,0,401026,28895,429921,93.3,5000000,10000000,7500000,27850,2014,12
1446780,MONSTER HUNTER RISE,"CAPCOM Co., Ltd.","CAPCOM Co., Ltd.",2022-01-12,39.99,39.99,0,92564,20108,112672,82.2,5000000,10000000,7500000,3658,2022,1
224260,No More Room in Hell,No More Room in Hell Team,Lever Games,2013-10-31,0.0,0.0,0,66753,7500,74253,89.9,5000000,10000000,7500000,473,2013,10
203160,Tomb Raider Game of the Year,"Crystal Dynamics, Eidos-Montréal, Feral Interactive (Mac), Nixxes","Crystal Dynamics, Feral Interactive (Mac)",2013-03-04,19.99,19.99,0,238239,9691,247930,96.1,5000000,10000000,7500000,556,2013,3
275850,No Man's Sky,Hello Games,Hello Games,2016-08-12,59.99,59.99,0,293332,59526,352858,83.1,5000000,10000000,7500000,12291,2016,8
367520,Hollow Knight,Team Cherry,Team Cherry,2017-02-24,14.99,14.99,0,403641,12305,415946,97.0,5000000,10000000,7500000,4912,2017,2
301520,Robocraft,Freejam,Freejam,2017-08-24,0.0,0.0,0,86240,31815,118055,73.1,5000000,10000000,7500000,3,2017,8
767560,War Robots,MY.GAMES,MY.GAMES,2018-04-04,0.0,0.0,0,15951,10624,26575,60.0,5000000,10000000,7500000,1280,2018,4
2050650,Resident Evil 4,"CAPCOM Co., Ltd.","CAPCOM Co., Ltd.",2023-03-23,39.99,39.99,0,177539,4169,181708,97.7,5000000,10000000,7500000,3748,2023,3
466240,Deceit,World Makers,World Makers,2017-03-03,0.0,0.0,0,73606,19421,93027,79.1,5000000,10000000,7500000,155,2017,3
284160,BeamNG.drive,BeamNG,BeamNG,2015-05-29,24.99,24.99,0,313873,8405,322278,97.4,5000000,10000000,7500000,15863,2015,5
278360,A Story About My Uncle,Gone North Games,Coffee Stain Publishing,2014-05-28,2.99,14.99,80,26479,2437,28916,91.6,5000000,10000000,7500000,8,2014,5
264710,Subnautica,Unknown Worlds Entertainment,Unknown Worlds Entertainment,2018-01-23,29.99,29.99,0,304449,9258,313707,97.0,5000000,10000000,7500000,2719,2018,1
80,Counter-Strike: Condition Zero,Valve,Valve,2004-03-01,9.99,9.99,0,24271,2287,26558,91.4,5000000,10000000,7500000,276,2004,3
370910,Kathy Rain,Clifftop Games,Raw Fury,2016-05-05,9.99,9.99,0,3478,300,3778,92.1,5000000,10000000,7500000,10,2016,5
40,Deathmatch Classic,Valve,Valve,2001-06-01,4.99,4.99,0,2618,545,3163,82.8,5000000,10000000,7500000,7,2001,6
275390,Guacamelee! Super Turbo Championship Edition,Drinkbox Studios,"Drinkbox Studios, Kepler Ghost",2014-08-21,14.99,14.99,0,6234,499,6733,92.6,5000000,10000000,7500000,5,2014,8
2881650,Content Warning,"Zorro, Wilnyl, Philip, thePetHen, Skog",Evil Landfall?,2024-04-01,7.99,7.99,0,137483,7608,145091,94.8,5000000,10000000,7500000,722,2024,4
311210,Call of Duty: Black Ops III,"Treyarch, Aspyr (Mac)","Activision, Aspyr (Mac)",2015-11-05,59.99,59.99,0,181306,33720,215026,84.3,5000000,10000000,7500000,5414,2015,11
333930,Dirty Bomb,Splash Damage,Warchest Ltd.,2015-06-02,0.0,0.0,0,46464,10703,57167,81.3,5000000,10000000,7500000,40,2015,6
1172620,Sea of Thieves: 2026 Edition,Rare Ltd,Xbox Game Studios,2020-06-03,39.99,39.99,0,317074,38164,355238,89.3,5000000,10000000,7500000,5437,2020,6
22380,Fallout: New Vegas,Obsidian Entertainment,Bethesda Softworks,2010-10-19,9.99,9.99,0,218763,8937,227700,96.1,5000000,10000000,7500000,3892,2010,10
250900,The Binding of Isaac: Rebirth,"Nicalis, Inc., Edmund McMillen","Nicalis, Inc.",2014-11-04,14.99,14.99,0,334165,9255,343420,97.3,5000000,10000000,7500000,14904,2014,11
700330,SCP: Secret Laboratory,Northwood Studios,Northwood Studios,2017-12-29,0.0,0.0,0,195923,18386,214309,91.4,5000000,10000000,7500000,4696,2017,12
10180,Call of Duty: Modern Warfare 2 (2009),Infinity Ward,Activision,2009-11-11,19.99,19.99,0,54145,3973,58118,93.2,5000000,10000000,7500000,399,2009,11
582660,Black Desert,Pearl Abyss,Pearl Abyss,2017-05-24,0.99,9.99,90,64416,22503,86919,74.1,5000000,10000000,7500000,14345,2017,5
1229490,ULTRAKILL,"Arsi ""Hakita"" Patala",New Blood Interactive,2020-09-03,29.99,29.99,0,165867,3884,169751,97.7,5000000,10000000,7500000,3122,2020,9
1046930,Dota Underlords,Valve,Valve,2019-06-20,0.0,0.0,0,74753,16141,90894,82.2,5000000,10000000,7500000,1008,2019,6
1426210,It Takes Two,Hazelight Studios,Electronic Arts,2021-03-25,39.99,39.99,0,208042,10341,218383,95.3,5000000,10000000,7500000,5018,2021,3
2195250,EA SPORTS FC 24,"EA Canada, EA Romania",Electronic Arts,2023-09-28,69.99,69.99,0,63281,46293,109574,57.8,5000000,10000000,7500000,5110,2023,9
2183900,"Warhammer 40,000: Space Marine 2",Saber Interactive,Focus Entertainment,2024-09-09,59.99,59.99,0,134739,27846,162585,82.9,5000000,10000000,7500000,6851,2024,9
883710,Resident Evil 2,"CAPCOM Co., Ltd.","CAPCOM Co., Ltd.",2019-01-24,39.99,39.99,0,167647,5210,172857,97.0,5000000,10000000,7500000,1123,2019,1
219640,Chivalry: Medieval Warfare,Torn Banner Studios,Torn Banner Studios,2012-10-16,24.99,24.99,0,54016,11428,65444,82.5,5000000,10000000,7500000,32,2012,10
306130,The Elder Scrolls Online,ZeniMax Online Studios,Bethesda Softworks,2017-05-22,19.99,19.99,0,125497,28616,154113,81.4,5000000,10000000,7500000,15987,2017,5
244210,Assetto Corsa,Kunos Simulazioni,505 Games,2014-12-19,19.99,19.99,0,140238,11153,151391,92.6,5000000,10000000,7500000,8961,2014,12
268500,XCOM 2,"Firaxis Games, Feral Interactive (Mac), Feral Interactive (Linux)","2K, Feral Interactive (Mac), Feral Interactive (Linux)",2016-02-04,19.99,19.99,0,86187,15514,101701,84.7,5000000,10000000,7500000,3123,2016,2
1794680,Vampire Survivors,poncle,poncle,2022-10-20,4.99,4.99,0,246479,3855,250334,98.5,5000000,10000000,7500000,2966,2022,10
1818750,MultiVersus,Player First Games,Warner Bros. Games,2022-07-19,0.0,0.0,0,90318,27894,118212,76.4,5000000,10000000,7500000,55,2022,7
242050,Assassin’s Creed IV Black Flag,Ubisoft Montreal,Ubisoft,,39.99,39.99,0,62942,8129,71071,88.6,5000000,10000000,7500000,923,,
30,Day of Defeat,Valve,Valve,2003-05-01,4.99,4.99,0,6414,688,7102,90.3,5000000,10000000,7500000,87,2003,5
236850,Europa Universalis IV,"Paradox Development Studio, Paradox Tinto",Paradox Interactive,2013-08-13,49.99,49.99,0,116432,18004,134436,86.6,5000000,10000000,7500000,12445,2013,8
363970,Clicker Heroes,Playsaurus,Playsaurus,2015-05-13,0.0,0.0,0,54989,6315,61304,89.7,5000000,10000000,7500000,2019,2015,5
253710,theHunter Classic,"Expansive Worlds, Avalanche Studios","Expansive Worlds, Avalanche Studios",2014-06-03,0.0,0.0,0,24959,17994,42953,58.1,5000000,10000000,7500000,417,2014,6
379720,DOOM,id Software,Bethesda Softworks,2016-05-12,19.99,19.99,0,198001,9278,207279,95.5,5000000,10000000,7500000,1590,2016,5
273350,Evolve Stage 2,Turtle Rock Studios,2K,2015-02-10,0.0,0.0,0,33844,14518,48362,70.0,5000000,10000000,7500000,9,2015,2
1782210,Crab Game,Dani,Dani,2021-10-29,0.0,0.0,0,139538,12895,152433,91.5,5000000,10000000,7500000,2921,2021,10
844870,KurtzPel,KOG,KOG,2019-04-30,0.0,0.0,0,20936,13480,34416,60.8,5000000,10000000,7500000,30,2019,4
601150,Devil May Cry 5,"CAPCOM Co., Ltd.","CAPCOM Co., Ltd.",2019-03-07,29.99,29.99,0,140260,5873,146133,96.0,5000000,10000000,7500000,2248,2019,3
1286830,STAR WARS: The Old Republic,Broadsword,Electronic Arts,2020-07-21,0.0,0.0,0,60864,7088,67952,89.6,5000000,10000000,7500000,6625,2020,7
365670,Blender,Blender Foundation,Blender Foundation,2015-04-24,0.0,0.0,0,70186,2695,72881,96.3,5000000,10000000,7500000,9640,2015,4
319630,Life is Strange - Episode 1,"DONTNOD Entertainment, Feral Interactive (Mac), Feral Interactive (Linux)","Square Enix, Feral interactive (Mac), Feral Interactive (Linux)",2015-01-29,0.0,0.0,0,162769,6432,169201,96.2,5000000,10000000,7500000,294,2015,1
1293830,Forza Horizon 4,Playground Games,Xbox Game Studios,2021-03-09,0.0,0.0,0,263942,26975,290917,90.7,5000000,10000000,7500000,4864,2021,3
1145360,Hades,Supergiant Games,Supergiant Games,2020-09-17,6.24,24.99,75,274829,4912,279741,98.2,5000000,10000000,7500000,2253,2020,9
671860,BattleBit Remastered,"SgtOkiDoki, Vilaskis, TheLiquidHorse",SgtOkiDoki,2023-06-15,14.99,14.99,0,120458,22666,143124,84.2,5000000,10000000,7500000,568,2023,6
427520,Factorio,Wube Software LTD.,Wube Software LTD.,2020-08-14,35.0,35.0,0,208770,6439,215209,97.0,5000000,10000000,7500000,16426,2020,8
221380,Age of Empires II (Retired),"Skybox Labs, Hidden Path Entertainment, Ensemble Studios, Forgotten Empires",Xbox Game Studios,2013-04-09,19.99,19.99,0,97083,4268,101351,95.8,5000000,10000000,7500000,2278,2013,4
231430,Company of Heroes 2,"Relic Entertainment, Feral Interactive (Mac), Feral Interactive (Linux)","Relic Entertainment, Feral Interactive (Mac), Feral Interactive (Linux)",2013-06-25,4.99,19.99,75,86713,23112,109825,79.0,5000000,10000000,7500000,2330,2013,6
813820,Realm Royale,Heroic Leap Games,Hi-Rez Studios,2018-06-05,0.0,0.0,0,43223,13520,56743,76.2,5000000,10000000,7500000,2,2018,6
594570,Total War: WARHAMMER II,"CREATIVE ASSEMBLY, Feral Interactive (Mac), Feral Interactive (Linux)","SEGA, Feral Interactive (Mac), Feral Interactive (Linux)",2017-09-28,59.99,59.99,0,114776,9476,124252,92.4,5000000,10000000,7500000,1464,2017,9
391540,Undertale,tobyfox,tobyfox,2015-09-15,9.99,9.99,0,264082,8850,272932,96.8,5000000,10000000,7500000,3331,2015,9
976730,Halo: The Master Chief Collection,"343 Industries, Splash Damage, Ruffian Games, Bungie, Saber Interactive",Xbox Game Studios,2019-12-03,39.99,39.99,0,223635,18432,242067,92.4,5000000,10000000,7500000,3362,2019,12
646570,Slay the Spire,Mega Crit,Mega Crit,2019-01-23,24.99,24.99,0,178250,4027,182277,97.8,5000000,10000000,7500000,15038,2019,1
588650,Dead Cells,Motion Twin,Motion Twin,2018-08-06,24.99,24.99,0,163549,4915,168464,97.1,5000000,10000000,7500000,2559,2018,8
268910,Cuphead,Studio MDHR Entertainment Inc.,Studio MDHR Entertainment Inc.,2017-09-29,19.99,19.99,0,179894,6941,186835,96.3,5000000,10000000,7500000,2080,2017,9
439700,Z1 Battle Royale: Test Server,Daybreak Game Company,Daybreak Game Company,2016-02-24,0.0,0.0,0,1341,1224,2565,52.3,5000000,10000000,7500000,1,2016,2
500,Left 4 Dead,Valve,Valve,2008-11-17,9.99,9.99,0,59622,2272,61894,96.3,5000000,10000000,7500000,774,2008,11
1118200,People Playground,mestiez,Studio Minus,2019-07-23,9.99,9.99,0,277746,4017,281763,98.6,5000000,10000000,7500000,4505,2019,7
620,Portal 2,Valve,Valve,2011-04-18,9.99,9.99,0,427835,5675,433510,98.7,5000000,10000000,7500000,1959,2011,4
1551360,Forza Horizon 5,Playground Games,Xbox Game Studios,2021-11-08,59.99,59.99,0,199950,25679,225629,88.6,5000000,10000000,7500000,10009,2021,11
1049590,Eternal Return,Nimble Neuron,"Nimble Neuron, SapStaR Games",2023-07-19,0.0,0.0,0,51694,13352,65046,79.5,5000000,10000000,7500000,12341,2023,7
380,Half-Life 2: Episode One,Valve,Valve,2006-06-01,19.99,19.99,0,30478,1344,31822,95.8,5000000,10000000,7500000,18,2006,6
360,Half-Life Deathmatch: Source,Valve,Valve,2006-05-01,9.99,9.99,0,3657,1242,4899,74.6,5000000,10000000,7500000,43,2006,5
779340,Total War: THREE KINGDOMS,"CREATIVE ASSEMBLY, Feral Interactive (Mac), Feral Interactive (Linux)","SEGA, Feral Interactive (Mac), Feral Interactive (Linux)",2019-05-23,39.99,39.99,0,74951,28794,103745,72.2,5000000,10000000,7500000,4507,2019,5
233450,Prison Architect,"Introversion Software, Double Eleven",Paradox Interactive,2015-10-06,29.99,29.99,0,64439,7891,72330,89.1,5000000,10000000,7500000,781,2015,10
782330,DOOM Eternal,id Software,Bethesda Softworks,2020-03-19,29.99,29.99,0,187807,18219,206026,91.2,5000000,10000000,7500000,2262,2020,3
223710,Cry of Fear,Team Psykskallar,Team Psykskallar,2013-04-25,0.0,0.0,0,65852,8556,74408,88.5,5000000,10000000,7500000,405,2013,4
513710,SCUM,Gamepires,Gamepires,2025-06-17,44.99,44.99,0,83704,28411,112115,74.7,5000000,10000000,7500000,8535,2025,6
677620,Splitgate: Arena Warfare,1047 Games,1047 Games,2019-05-24,0.0,0.0,0,102336,9404,111740,91.6,5000000,10000000,7500000,185,2019,5
1677740,Stumble Guys,Scopely,Scopely,2021-10-07,0.0,0.0,0,108841,19170,128011,85.0,5000000,10000000,7500000,2928,2021,10
109600,Neverwinter,Cryptic Studios,Arc Games,2013-12-05,0.0,0.0,0,29947,8638,38585,77.6,5000000,10000000,7500000,665,2013,12
420,Half-Life 2: Episode Two,Valve,Valve,2007-10-10,19.99,19.99,0,40556,1226,41782,97.1,5000000,10000000,7500000,20,2007,10
397900,Business Tour - Board Game with Online Multiplayer,8Floor,8Floor,2017-07-27,0.0,0.0,0,46567,30205,76772,60.7,5000000,10000000,7500000,809,2017,7
698780,Doki Doki Literature Club!,Team Salvato,Team Salvato,2017-10-06,0.0,0.0,0,203247,7470,210717,96.5,5000000,10000000,7500000,427,2017,10
435150,Divinity: Original Sin 2 - Definitive Edition,Larian Studios,Larian Studios,2017-09-14,44.99,44.99,0,182166,7958,190124,95.8,5000000,10000000,7500000,3510,2017,9
1100600,Football Manager 2020,Sports Interactive,SEGA,2019-11-19,0.0,0.0,0,28341,3401,31742,89.3,5000000,10000000,7500000,1012,2019,11
1604030,V Rising,Stunlock Studios,Stunlock Studios,2024-05-08,34.99,34.99,0,106197,13243,119440,88.9,5000000,10000000,7500000,10961,2024,5
534380,Dying Light 2 Stay Human: Reloaded Edition,Techland,Techland,2022-02-03,59.99,59.99,0,154122,40708,194830,79.1,5000000,10000000,7500000,4223,2022,2
766570,Russian Fishing 4,FishSoft LLC,FishSoft LLC,2021-11-10,0.0,0.0,0,39598,33887,73485,53.9,5000000,10000000,7500000,14950,2021,11
548430,Deep Rock Galactic,Ghost Ship Games,Coffee Stain Publishing,2020-05-13,29.99,29.99,0,333587,9413,343000,97.3,5000000,10000000,7500000,5216,2020,5
294100,RimWorld,Ludeon Studios,Ludeon Studios,2018-10-17,34.99,34.99,0,206216,4301,210517,98.0,5000000,10000000,7500000,19211,2018,10
273110,Counter-Strike Nexon: Studio,"Valve, NEXON",NEXON,2014-10-07,0.0,0.0,0,28373,14329,42702,66.4,5000000,10000000,7500000,369,2014,10
868270,The Cycle: Frontier,YAGER,YAGER,2022-06-08,0.0,0.0,0,28893,16529,45422,63.6,5000000,10000000,7500000,2,2022,6
863550,HITMAN 2,IO Interactive A/S,IO Interactive A/S,2018-11-13,0.0,0.0,0,68165,6778,74943,91.0,5000000,10000000,7500000,187,2018,11
1237970,Titanfall 2,Respawn Entertainment,Electronic Arts,2020-06-18,29.99,29.99,0,244524,11664,256188,95.4,5000000,10000000,7500000,1173,2020,6
555570,Infestation: The New Z,Fredaikis AB,OP Productions LLC,2016-11-22,0.0,0.0,0,18200,15615,33815,53.8,5000000,10000000,7500000,70,2016,11
10190,Call of Duty: Modern Warfare 2 (2009),Infinity Ward,Activision,2009-11-11,19.99,19.99,0,31945,2927,34872,91.6,5000000,10000000,7500000,190,2009,11
424840,Little Nightmares,Tarsier Studios,BANDAI NAMCO Entertainment,2017-04-27,4.99,19.99,75,104472,5724,110196,94.8,5000000,10000000,7500000,222,2017,4
2669320,EA SPORTS FC 25,"EA Canada, EA Romania",Electronic Arts,2024-09-26,69.99,69.99,0,37253,37543,74796,49.8,5000000,10000000,7500000,42032,2024,9
518790,theHunter: Call of the Wild,Expansive Worlds,Avalanche Studios,2017-02-16,19.99,19.99,0,157641,19969,177610,88.8,5000000,10000000,7500000,2207,2017,2
365590,Tom Clancy’s The Division,Massive Entertainment,Ubisoft,2016-03-07,2.99,29.99,90,65652,27546,93198,70.4,5000000,10000000,7500000,774,2016,3
223470,POSTAL 2,Running With Scissors,Running With Scissors,2012-11-02,9.99,9.99,0,112414,3644,116058,96.9,5000000,10000000,7500000,320,2012,11
241930,Middle-earth: Shadow of Mordor,Monolith Productions,"Warner Bros. Interactive Entertainment, Warner Bros. Games",2014-09-30,19.99,19.99,0,83849,6866,90715,92.4,5000000,10000000,7500000,441,2014,9
346900,AdVenture Capitalist,Hyper Hippo Games,Hyper Hippo Games,2015-03-30,0.0,0.0,0,51968,7198,59166,87.8,5000000,10000000,7500000,1109,2015,3
3240220,Grand Theft Auto V Enhanced,Rockstar North,Rockstar Games,2025-03-04,29.99,29.99,0,38595,17286,55881,69.1,5000000,10000000,7500000,39502,2025,3
440900,Conan Exiles Enhanced,"Funcom, Inflexion Games",Funcom,2018-05-08,39.99,39.99,0,84575,22890,107465,78.7,5000000,10000000,7500000,5677,2018,5
374320,DARK SOULS III,"FromSoftware, Inc.","FromSoftware, Inc., Bandai Namco Entertainment",2016-04-11,59.99,59.99,0,390326,23449,413775,94.3,5000000,10000000,7500000,4381,2016,4
1868140,DAVE THE DIVER,MINTROCKET,MINTROCKET,2023-06-28,19.99,19.99,0,125422,3909,129331,97.0,5000000,10000000,7500000,3367,2023,6
304390,FOR HONOR,"Ubisoft Montreal, Ubisoft Quebec, Ubisoft Toronto, Blue Byte",Ubisoft,2017-02-13,2.99,29.99,90,104468,45788,150256,69.5,5000000,10000000,7500000,2146,2017,2
208090,Loadout,Edge of Reality,Edge of Reality,2014-01-31,0.0,0.0,0,34218,5094,39312,87.0,5000000,10000000,7500000,1,2014,1
48700,Mount & Blade: Warband,TaleWorlds Entertainment,TaleWorlds Entertainment,2010-03-31,19.99,19.99,0,162632,3773,166405,97.7,5000000,10000000,7500000,3055,2010,3
2630,Call of Duty 2,Infinity Ward,Activision,2006-10-13,19.99,19.99,0,9804,670,10474,93.6,5000000,10000000,7500000,162,2006,10
12210,Grand Theft Auto IV: The Complete Edition,"Rockstar North, Rockstar Toronto",Rockstar Games,2020-03-24,5.99,19.99,70,144493,30691,175184,82.5,5000000,10000000,7500000,2122,2020,3
1144200,Ready or Not,VOID Interactive,VOID Interactive,2023-12-13,49.99,49.99,0,210654,25542,236196,89.2,5000000,10000000,7500000,4296,2023,12
113400,APB Reloaded,Little Orbit,Little Orbit,2011-12-06,0.0,0.0,0,23693,13599,37292,63.5,5000000,10000000,7500000,111,2011,12
1332010,Stray,BlueTwelve Studio,Annapurna Interactive,2022-07-19,29.99,29.99,0,152312,4295,156607,97.3,5000000,10000000,7500000,498,2022,7
206420,Saints Row IV: Re-Elected,Deep Silver Volition,Deep Silver,2013-08-19,19.99,19.99,0,67768,9376,77144,87.8,5000000,10000000,7500000,117,2013,8
380600,Fishing Planet,Fishing Planet LLC,Fishing Planet LLC,2017-08-28,0.0,0.0,0,57004,8695,65699,86.8,5000000,10000000,7500000,2781,2017,8
225540,Just Cause 3,Avalanche Studios,Square Enix,2015-11-30,19.99,19.99,0,102532,19629,122161,83.9,5000000,10000000,7500000,639,2015,11
285800,Braveland,Tortuga Team,Tortuga Team,2014-03-17,9.99,9.99,0,2555,577,3132,81.6,5000000,10000000,7500000,1,2014,3
286690,Metro 2033 Redux,4A Games,Deep Silver,2014-08-25,19.99,19.99,0,101543,9424,110967,91.5,5000000,10000000,7500000,1208,2014,8
223750,DCS World Steam Edition,Eagle Dynamics SA,Eagle Dynamics SA,2013-08-02,0.0,0.0,0,31661,5528,37189,85.1,5000000,10000000,7500000,636,2013,8
1593500,God of War,"Santa Monica Studio, Jetpack Interactive",PlayStation Publishing LLC,2022-01-14,49.99,49.99,0,151706,6311,158017,96.0,5000000,10000000,7500000,1380,2022,1
386180,Crossout,Targem Games,Gaijin Network Ltd,2017-07-26,0.0,0.0,0,48219,15920,64139,75.2,5000000,10000000,7500000,2231,2017,7
1238840,Battlefield 1,DICE,Electronic Arts,2020-06-11,39.99,39.99,0,166775,26046,192821,86.5,5000000,10000000,7500000,6308,2020,6
812140,Assassin's Creed Odyssey,"Ubisoft Quebec, Ubisoft Montreal, Ubisoft Bucharest, Ubisoft Singapore, Ubisoft Montpellier, Ubisoft Kiev, Ubisoft Shanghai",Ubisoft,2018-10-05,11.99,59.99,80,153091,19102,172193,88.9,5000000,10000000,7500000,2629,2018,10
1721470,Poppy Playtime,Mob Entertainment,Mob Entertainment,2021-10-12,0.0,0.0,0,84113,14801,98914,85.0,5000000,10000000,7500000,588,2021,10
960090,Bloons TD 6,Ninja Kiwi,Ninja Kiwi,2018-12-17,13.99,13.99,0,344269,9691,353960,97.3,2000000,5000000,3500000,7489,2018,12
55230,Saints Row: The Third,Volition,Deep Silver,2011-11-14,9.99,9.99,0,65644,2956,68600,95.7,2000000,5000000,3500000,163,2011,11
262060,Darkest Dungeon,Red Hook Studios,Red Hook Studios,2016-01-19,24.99,24.99,0,137026,12430,149456,91.7,2000000,5000000,3500000,3848,2016,1
761890,Albion Online,Sandbox Interactive GmbH,Sandbox Interactive GmbH,2018-05-16,0.0,0.0,0,65583,17491,83074,78.9,2000000,5000000,3500000,8184,2018,5
2001120,Split Fiction,Hazelight Studios,Electronic Arts,2025-03-06,49.99,49.99,0,79546,2012,81558,97.5,2000000,5000000,3500000,5476,2025,3
281990,Stellaris,Paradox Development Studio,Paradox Interactive,2016-05-09,14.99,49.99,70,159527,25906,185433,86.0,2000000,5000000,3500000,13727,2016,5
252130,Divide By Sheep,"Victor Solodilov, Denis Novikov",tinyBuild,2015-07-02,4.99,4.99,0,2376,246,2622,90.6,2000000,5000000,3500000,0,2015,7
211820,Starbound,Chucklefish,Chucklefish,2016-07-22,14.99,14.99,0,152150,12756,164906,92.3,2000000,5000000,3500000,894,2016,7
8190,Just Cause 2,Avalanche Studios,Square Enix,2010-03-23,14.99,14.99,0,46001,4738,50739,90.7,2000000,5000000,3500000,90,2010,3
6060,"STAR WARS Battlefront II (Classic, 2005)",Pandemic Studios,"Lucasfilm, LucasArts, Disney",2009-07-08,9.99,9.99,0,50396,2891,53287,94.6,2000000,5000000,3500000,323,2009,7
508440,Totally Accurate Battle Simulator,Landfall,Landfall,2021-04-01,19.99,19.99,0,132974,2969,135943,97.8,2000000,5000000,3500000,1299,2021,4
115300,Call of Duty: Modern Warfare 3 (2011),"Infinity Ward, Sledgehammer Games",Activision,2011-11-08,39.99,39.99,0,33647,4306,37953,88.7,2000000,5000000,3500000,0,2011,11
42910,Magicka,Arrowhead Game Studios,Paradox Interactive,2011-01-25,9.99,9.99,0,26997,4365,31362,86.1,2000000,5000000,3500000,18,2011,1
39210,FINAL FANTASY XIV Online,Square Enix,Square Enix,2014-02-18,19.99,19.99,0,70254,9782,80036,87.8,2000000,5000000,3500000,19824,2014,2
1222680,Need for Speed Heat,Ghost Games,Electronic Arts,2020-06-04,69.99,69.99,0,111482,21373,132855,83.9,2000000,5000000,3500000,1385,2020,6
351940,The Descendant,Gaming Corps AB,"Microids Indie, Microids",2016-03-24,14.99,14.99,0,6312,811,7123,88.6,2000000,5000000,3500000,15,2016,3
1250,Killing Floor,Tripwire Interactive,Tripwire Interactive,2009-05-14,19.99,19.99,0,64024,3448,67472,94.9,2000000,5000000,3500000,224,2009,5
2623190,The Elder Scrolls IV: Oblivion Remastered,"Bethesda Game Studios, Virtuos",Bethesda Softworks,2025-04-22,49.99,49.99,0,42316,10242,52558,80.5,2000000,5000000,3500000,14420,2025,4
323190,Frostpunk,11 bit studios,11 bit studios,2018-04-24,29.99,29.99,0,114315,9231,123546,92.5,2000000,5000000,3500000,1699,2018,4
1716740,Starfield,Bethesda Game Studios,Bethesda Softworks,2023-09-05,49.99,49.99,0,93942,71585,165527,56.8,2000000,5000000,3500000,3725,2023,9
813780,Age of Empires II: Definitive Edition,"World's Edge, Forgotten Empires, CaptureAge, Tantalus Media, Wicked Witch, Feral Interactive",Xbox Game Studios,2019-11-14,34.99,34.99,0,154061,8401,162462,94.8,2000000,5000000,3500000,13465,2019,11
630,Alien Swarm,Valve,Valve,2010-07-19,0.0,0.0,0,20179,1095,21274,94.9,2000000,5000000,3500000,23,2010,7
57300,Amnesia: The Dark Descent,Frictional Games,Frictional Games,2010-09-08,19.99,19.99,0,32258,1850,34108,94.6,2000000,5000000,3500000,60,2010,9
395170,DISTRAINT: Deluxe Edition,Jesse Makkonen,Jesse Makkonen,2015-10-21,4.99,4.99,0,11408,834,12242,93.2,2000000,5000000,3500000,3,2015,10
20920,The Witcher 2: Assassins of Kings Enhanced Edition,CD PROJEKT RED,"CD PROJEKT RED, 1C-SoftClub",2012-04-16,19.99,19.99,0,77950,9114,87064,89.5,2000000,5000000,3500000,479,2012,4
212680,FTL: Faster Than Light,Subset Games,Subset Games,2012-09-14,1.99,9.99,80,71561,3491,75052,95.3,2000000,5000000,3500000,1566,2012,9
504370,Battlerite,Stunlock Studios,Stunlock Studios,2017-11-08,0.0,0.0,0,50196,9152,59348,84.6,2000000,5000000,3500000,103,2017,11
286160,Tabletop Simulator,Berserk Games,Berserk Games,2015-06-05,19.99,19.99,0,66735,3925,70660,94.4,2000000,5000000,3500000,5021,2015,6
311690,Enter the Gungeon,Dodge Roll,Devolver Digital,2016-04-05,14.99,14.99,0,81669,3893,85562,95.5,2000000,5000000,3500000,1165,2016,4
355840,Survarium,Vostok Games,Vostok Games,2015-04-02,0.0,0.0,0,13832,11623,25455,54.3,2000000,5000000,3500000,0,2015,4
1145350,Hades II,Supergiant Games,Supergiant Games,2025-09-25,20.99,29.99,30,60844,3288,64132,94.9,2000000,5000000,3500000,1838,2025,9
1366800,Crosshair X,CenterPoint Gaming,CenterPoint Gaming,2020-08-17,9.99,9.99,0,29275,2077,31352,93.4,2000000,5000000,3500000,41428,2020,8
1196590,Resident Evil Village,"CAPCOM Co., Ltd.","CAPCOM Co., Ltd.",2021-05-06,39.99,39.99,0,114131,5219,119350,95.6,2000000,5000000,3500000,1284,2021,5
613100,House Flipper,Empyrean,"Frozen District, PlayWay S.A.",2018-05-17,24.99,24.99,0,89596,5548,95144,94.2,2000000,5000000,3500000,1311,2018,5
1172380,STAR WARS Jedi: Fallen Order,Respawn Entertainment,Electronic Arts,2019-11-14,7.99,39.99,80,140485,18094,158579,88.6,2000000,5000000,3500000,1354,2019,11
202970,Call of Duty: Black Ops II,Treyarch,Activision,2012-11-12,39.99,39.99,0,40563,6454,47017,86.3,2000000,5000000,3500000,238,2012,11
304430,INSIDE,Playdead,Playdead,2016-07-07,24.99,24.99,0,65954,2092,68046,96.9,2000000,5000000,3500000,129,2016,7
3590,Plants vs. Zombies GOTY Edition,"PopCap Games, Inc.","PopCap Games, Inc., Electronic Arts",2009-05-05,4.99,4.99,0,136574,3351,139925,97.6,2000000,5000000,3500000,2656,2009,5
1260320,Party Animals,Recreate Games,Source Technology,2023-09-20,9.99,19.99,50,50198,13834,64032,78.4,2000000,5000000,3500000,3070,2023,9
33930,Arma 2: Operation Arrowhead,Bohemia Interactive,Bohemia Interactive,2010-06-29,19.99,19.99,0,20414,1676,22090,92.4,2000000,5000000,3500000,113,2010,6
212500,The Lord of the Rings Online,Standing Stone Games,Daybreak Game Company LLC,2012-06-06,0.0,0.0,0,17099,3896,20995,81.4,2000000,5000000,3500000,793,2012,6
457140,Oxygen Not Included,Klei Entertainment,Klei Entertainment,2019-07-30,24.99,24.99,0,124220,4170,128390,96.8,2000000,5000000,3500000,7545,2019,7
620980,Beat Saber,Beat Games,Beat Games,2019-05-21,14.99,19.99,25,71341,3271,74612,95.6,2000000,5000000,3500000,423,2019,5
1222140,Detroit: Become Human,Quantic Dream,Quantic Dream,2020-06-18,7.99,39.99,80,162047,7152,169199,95.8,2000000,5000000,3500000,2344,2020,6
1817070,Marvel’s Spider-Man Remastered,"Insomniac Games, Nixxes Software",PlayStation Publishing LLC,2022-08-12,59.99,59.99,0,107786,4606,112392,95.9,2000000,5000000,3500000,1190,2022,8
205100,Dishonored,Arkane Studios,Bethesda Softworks,2012-10-08,9.99,9.99,0,80427,1943,82370,97.6,2000000,5000000,3500000,288,2012,10
24240,PAYDAY The Heist,OVERKILL - a Starbreeze Studio.,Starbreeze Entertainment,2011-10-20,9.99,9.99,0,37570,2653,40223,93.4,2000000,5000000,3500000,38,2011,10
1506830,FIFA 22,EA Canada &amp; EA Romania,Electronic Arts,2021-10-01,0.0,0.0,0,97293,23578,120871,80.5,2000000,5000000,3500000,1319,2021,10
871720,Ultimate Custom Night,Scott Cawthon,Scott Cawthon,2018-06-27,0.0,0.0,0,55394,2879,58273,95.1,2000000,5000000,3500000,200,2018,6
962130,Grounded,Obsidian Entertainment,Xbox Game Studios,2022-09-27,39.99,39.99,0,75482,9035,84517,89.3,2000000,5000000,3500000,2394,2022,9
356190,Middle-earth: Shadow of War,Monolith Productions,WB Games,2017-10-09,49.99,49.99,0,95053,12165,107218,88.7,2000000,5000000,3500000,1405,2017,10
274190,Broforce,Free Lives,Devolver Digital,2015-10-15,14.99,14.99,0,57080,1800,58880,96.9,2000000,5000000,3500000,283,2015,10
234140,Mad Max,Avalanche Studios,"Warner Bros. Games, Warner Bros. Interactive Entertainment",2015-09-01,19.99,19.99,0,76230,6430,82660,92.2,2000000,5000000,3500000,563,2015,9
8500,EVE Online,CCP,CCP,2010-12-15,0.0,0.0,0,26813,9575,36388,73.7,2000000,5000000,3500000,3705,2010,12
552520,Far Cry 5,"Ubisoft Montreal, Red Storm, Ubisoft Shanghai, Ubisoft Toronto, Ubisoft Kiev",Ubisoft,2018-03-26,8.99,59.99,85,140377,33100,173477,80.9,2000000,5000000,3500000,1297,2018,3
7670,BioShock,"2K Boston, 2K Australia",2K,2007-08-21,19.99,19.99,0,29127,1804,30931,94.2,2000000,5000000,3500000,44,2007,8
760160,Vampire: The Masquerade - Bloodhunt,Sharkmob AB,Sharkmob AB,2022-04-27,0.0,0.0,0,43433,13651,57084,76.1,2000000,5000000,3500000,362,2022,4
270880,American Truck Simulator,SCS Software,SCS Software,2016-02-02,4.99,19.99,75,169735,5552,175287,96.8,2000000,5000000,3500000,6742,2016,2
1203620,Enshrouded,Keen Games GmbH,Keen Games GmbH,2024-01-24,39.99,39.99,0,67486,10594,78080,86.4,2000000,5000000,3500000,10654,2024,1
601510,Yu-Gi-Oh! Duel Links,KONAMI,KONAMI,2017-11-16,0.0,0.0,0,36345,7285,43630,83.3,2000000,5000000,3500000,1856,2017,11
397540,Borderlands 3,Gearbox Software,2K,2020-03-13,11.99,79.99,85,125248,23817,149065,84.0,2000000,5000000,3500000,3164,2020,3
12120,Grand Theft Auto: San Andreas,Rockstar Games,Rockstar Games,2008-01-04,0.0,0.0,0,76056,6573,82629,92.0,2000000,5000000,3500000,363,2008,1
236870,HITMAN,"IO Interactive A/S, Feral Interactive (Linux), Feral Interactive (Mac)","IO Interactive A/S, Feral Interactive (Linux), Feral Interactive (Mac)",2016-03-11,0.0,0.0,0,30973,6227,37200,83.3,2000000,5000000,3500000,46,2016,3
674940,Stick Fight: The Game,Landfall West,Landfall,2017-09-28,4.99,4.99,0,114720,7938,122658,93.5,2000000,5000000,3500000,265,2017,9
884660,CRSED: F.O.A.D.,"Darkflow Software, Matter Team",Gaijin Network Ltd,2018-06-15,0.0,0.0,0,30411,8179,38590,78.8,2000000,5000000,3500000,96,2018,6
701160,Kingdom Two Crowns,"Fury Studios, Coatsink",Raw Fury,2018-12-11,19.99,19.99,0,6244,819,7063,88.4,2000000,5000000,3500000,1305,2018,12
1832640,Mirror 2: Project X,KAGAMI Ⅱ WORKs,NIJICO,2022-01-20,1.99,1.99,0,28726,87986,116712,24.6,2000000,5000000,3500000,11,2022,1
208650,Batman: Arkham Knight,Rocksteady Studios,WB Games,2015-06-23,19.99,19.99,0,124147,15901,140048,88.6,2000000,5000000,3500000,1587,2015,6
48000,LIMBO,Playdead,Playdead,2011-08-02,12.49,12.49,0,53043,4241,57284,92.6,2000000,5000000,3500000,82,2011,8
2379780,Balatro,LocalThunk,Playstack,2024-02-20,14.99,14.99,0,150524,3042,153566,98.0,2000000,5000000,3500000,17123,2024,2
298110,Far Cry 4,"Ubisoft Montreal, Red Storm, Shanghai, Toronto, Kiev",Ubisoft,2014-11-17,5.99,29.99,80,51618,9649,61267,84.3,2000000,5000000,3500000,558,2014,11
42710,Call of Duty: Black Ops,Treyarch,Activision,2010-11-09,39.99,39.99,0,15124,2010,17134,88.3,2000000,5000000,3500000,213,2010,11
200710,Torchlight II,Runic Games,XD,2012-09-20,3.99,19.99,80,41131,3210,44341,92.8,2000000,5000000,3500000,268,2012,9
203770,Crusader Kings II,Paradox Development Studio,Paradox Interactive,2012-02-14,0.0,0.0,0,66359,7450,73809,89.9,2000000,5000000,3500000,1373,2012,2
1903340,Clair Obscur: Expedition 33,Sandfall Interactive,Kepler Interactive,2025-04-24,39.99,49.99,20,106216,4816,111032,95.7,2000000,5000000,3500000,27880,2025,4
244850,Space Engineers,Keen Software House,Keen Software House,2019-02-28,19.99,19.99,0,117204,15143,132347,88.6,2000000,5000000,3500000,4201,2019,2
1366540,Dyson Sphere Program,Youthcat Studio,Gamirror Games,2021-01-20,19.99,19.99,0,83095,1993,85088,97.7,2000000,5000000,3500000,2703,2021,1
2709570,Supermarket Together,DeadDevsTellNoLies,DeadDevsTellNoLies,2024-08-09,0.0,0.0,0,63994,3441,67435,94.9,2000000,5000000,3500000,4704,2024,8
201270,Total War: SHOGUN 2,"CREATIVE ASSEMBLY, Feral Interactive (Mac), Feral Interactive (Linux)","SEGA, Feral Interactive (Mac), Feral Interactive (Linux)",2011-03-15,29.99,29.99,0,58839,5437,64276,91.5,2000000,5000000,3500000,0,2011,3
389730,TEKKEN 7,BANDAI NAMCO Studios Inc.,BANDAI NAMCO Entertainment,2017-06-01,39.99,39.99,0,77227,15580,92807,83.2,2000000,5000000,3500000,599,2017,6
10090,Call of Duty: World at War,Treyarch,Activision,2008-11-18,19.99,19.99,0,46665,3884,50549,92.3,2000000,5000000,3500000,433,2008,11
1259420,Days Gone,Bend Studio,PlayStation Publishing LLC,2021-05-17,39.99,39.99,0,95697,7446,103143,92.8,2000000,5000000,3500000,1600,2021,5
261640,Borderlands: The Pre-Sequel,"2K Australia, Gearbox Software, Aspyr (Linux)","2K, Aspyr (Linux)",2014-10-13,3.99,39.99,90,33577,8802,42379,79.2,2000000,5000000,3500000,437,2014,10
220200,Kerbal Space Program,Squad,Private Division,2015-04-27,9.99,39.99,75,121084,6078,127162,95.2,2000000,5000000,3500000,1844,2015,4
1142710,Total War: WARHAMMER III,"CREATIVE ASSEMBLY, Feral Interactive","SEGA, Feral Interactive",2022-02-16,59.99,59.99,0,87141,32717,119858,72.7,2000000,5000000,3500000,16842,2022,2
265630,Fistful of Frags,Fistful of Frags Team,Fistful of Frags Team,2014-05-09,0.0,0.0,0,33130,3132,36262,91.4,2000000,5000000,3500000,53,2014,5
219150,Hotline Miami,Dennaton Games,Devolver Digital,2012-10-23,9.99,9.99,0,103599,3058,106657,97.1,2000000,5000000,3500000,404,2012,10
312990,The Expendabros,Free Lives,Devolver Digital,2014-08-05,0.0,0.0,0,17661,513,18174,97.2,2000000,5000000,3500000,20,2014,8
418460,Rising Storm 2: Vietnam,"Antimatter Games, Tripwire Interactive",Tripwire Interactive,2017-05-30,24.99,24.99,0,49952,7611,57563,86.8,2000000,5000000,3500000,449,2017,5
211500,RaceRoom Racing Experience,KW Studios,"KW Studios, RaceRoom Entertainment AG",2013-02-12,0.0,0.0,0,17812,5806,23618,75.4,2000000,5000000,3500000,431,2013,2
506540,Last Man Standing,"Free Reign Entertainment, Free Reign Entertainment",Free Reign Entertainment,2017-03-29,0.0,0.0,0,10776,6811,17587,61.3,2000000,5000000,3500000,0,2017,3
20900,The Witcher: Enhanced Edition Director's Cut,CD PROJEKT RED,"CD PROJEKT RED, 1C-SoftClub",2008-09-19,1.49,9.99,85,73569,9135,82704,89.0,2000000,5000000,3500000,616,2008,9
552500,Warhammer: Vermintide 2,Fatshark,Fatshark,2018-03-08,29.99,29.99,0,113489,20234,133723,84.9,2000000,5000000,3500000,2124,2018,3
1057090,Ori and the Will of the Wisps,Moon Studios GmbH,Xbox Game Studios,2020-03-10,2.99,29.99,90,131989,4701,136690,96.6,2000000,5000000,3500000,697,2020,3
359320,Elite Dangerous,Frontier Developments,Frontier Developments,2015-04-02,19.99,19.99,0,77388,22636,100024,77.4,2000000,5000000,3500000,4845,2015,4
214950,Total War: ROME II - Emperor Edition,"CREATIVE ASSEMBLY, Feral Interactive","SEGA, Feral Interactive",2013-09-02,29.99,29.99,0,73559,14614,88173,83.4,2000000,5000000,3500000,3901,2013,9
9480,Saints Row 2,Volition,Deep Silver,2009-01-07,9.99,9.99,0,15420,5046,20466,75.3,2000000,5000000,3500000,95,2009,1
245170,Skullgirls 2nd Encore,Hidden Variable Studios,Autumn Games,2013-08-22,24.99,24.99,0,29623,11230,40853,72.5,2000000,5000000,3500000,112,2013,8
207610,The Walking Dead,Telltale Games,Skybound Games,2012-04-24,14.99,14.99,0,71633,1995,73628,97.3,2000000,5000000,3500000,614,2012,4
35450,Red Orchestra 2: Heroes of Stalingrad with Rising Storm,Tripwire Interactive,Tripwire Interactive,2011-09-13,19.99,19.99,0,34765,2863,37628,92.4,2000000,5000000,3500000,92,2011,9
285900,Gang Beasts,"Boneloaf, Rocket Science",Boneloaf,2017-12-12,19.99,19.99,0,51267,9003,60270,85.1,2000000,5000000,3500000,376,2017,12
232090,Killing Floor 2,Tripwire Interactive,Tripwire Interactive,2016-11-18,29.99,29.99,0,111325,15541,126866,87.8,2000000,5000000,3500000,4508,2016,11
42680,Call of Duty: Modern Warfare 3 (2011),"Infinity Ward, Sledgehammer Games",Activision,2011-11-08,39.99,39.99,0,21320,3686,25006,85.3,2000000,5000000,3500000,357,2011,11
918570,Century: Age of Ashes,Playwing LTD,Playwing LTD,2021-12-02,0.0,0.0,0,13226,4514,17740,74.6,2000000,5000000,3500000,54,2021,12
1771300,Kingdom Come: Deliverance II,Warhorse Studios,Deep Silver,2025-02-04,23.99,59.99,60,96279,6058,102337,94.1,2000000,5000000,3500000,7073,2025,2
447040,Watch_Dogs 2,Ubisoft,Ubisoft,2016-11-28,2.49,49.99,95,68213,14166,82379,82.8,2000000,5000000,3500000,863,2016,11
200510,XCOM: Enemy Unknown,"Firaxis Games, Feral Interactive (Linux)","2K, Feral Interactive (Linux)",2012-10-08,14.99,14.99,0,52717,3697,56414,93.4,2000000,5000000,3500000,590,2012,10
361420,ASTRONEER,System Era Softworks,System Era Softworks,2019-02-05,29.99,29.99,0,118817,10139,128956,92.1,2000000,5000000,3500000,988,2019,2
33900,Arma 2,Bohemia Interactive,Bohemia Interactive,,12.99,12.99,0,1769,348,2117,83.6,2000000,5000000,3500000,0,,
209080,Guns of Icarus Online,Muse Games,Muse Games,2012-10-29,4.99,4.99,0,13172,1473,14645,89.9,2000000,5000000,3500000,16,2012,10
307780,Mortal Kombat X,"NetherRealm Studios, QLOC","Warner Bros. Games, Warner Bros. Interactive Entertainment",2015-04-13,19.99,19.99,0,48077,8175,56252,85.5,2000000,5000000,3500000,426,2015,4
335240,Transformice,Atelier 801,Atelier 801,2015-01-30,0.0,0.0,0,24320,3341,27661,87.9,2000000,5000000,3500000,1284,2015,1
403640,Dishonored 2,Arkane Studios,Bethesda Softworks,2016-11-11,29.99,29.99,0,56155,6627,62782,89.4,2000000,5000000,3500000,308,2016,11
99900,Spiral Knights,Grey Havens,Grey Havens,2011-06-14,0.0,0.0,0,19869,3789,23658,84.0,2000000,5000000,3500000,132,2011,6
1289310,Helltaker,vanripper,vanripper,2020-05-11,0.0,0.0,0,122115,2803,124918,97.8,2000000,5000000,3500000,75,2020,5
287700,METAL GEAR SOLID V: THE PHANTOM PAIN,KONAMI,KONAMI,2015-09-01,19.99,19.99,0,91675,8247,99922,91.7,2000000,5000000,3500000,1333,2015,9
460930,Tom Clancy's Ghost Recon Wildlands,"Ubisoft Paris, Ubisoft Annecy, Ubisoft Bucharest, Ubisoft Montpellier, Ubisoft Milan, Reflections, Ubisoft Belgrade",Ubisoft,2017-03-06,9.99,49.99,80,77138,19439,96577,79.9,2000000,5000000,3500000,1441,2017,3
219740,Don't Starve,Klei Entertainment,Klei Entertainment,2013-04-23,9.99,9.99,0,106118,3698,109816,96.6,2000000,5000000,3500000,1472,2013,4
96000,The Tiny Bang Story,Colibri Games,Colibri Games,2011-04-22,4.99,4.99,0,5630,821,6451,87.3,2000000,5000000,3500000,10,2011,4
35720,Trine 2: Complete Story,Frozenbyte,Frozenbyte,2013-06-06,19.99,19.99,0,20682,997,21679,95.4,2000000,5000000,3500000,18,2013,6
880940,Pummel Party,Rebuilt Games,Rebuilt Games,2018-09-20,14.99,14.99,0,47800,6014,53814,88.8,2000000,5000000,3500000,1096,2018,9
387990,Scrap Mechanic,Axolot Games,Axolot Games,2026-07-24,28.99,28.99,0,104512,8771,113283,92.3,2000000,5000000,3500000,909,2026,7
686810,Hell Let Loose,Expression Games,Team17,2021-07-27,12.49,49.99,75,113447,24230,137677,82.4,2000000,5000000,3500000,3380,2021,7
409710,BioShock Remastered,"2K Boston, 2K Australia, Blind Squirrel, Feral Interactive (Mac)","2K, Feral Interactive (Mac)",2016-09-15,19.99,19.99,0,47962,10301,58263,82.3,2000000,5000000,3500000,364,2016,9
418370,Resident Evil 7 Biohazard,"CAPCOM Co., Ltd.","CAPCOM Co., Ltd.",2017-01-23,19.99,19.99,0,93214,4632,97846,95.3,2000000,5000000,3500000,792,2017,1
50130,Mafia II (Classic),2K Czech,2K,2011-03-22,29.99,29.99,0,51876,3121,54997,94.3,2000000,5000000,3500000,207,2011,3
1454400,Cookie Clicker,"Orteil, DashNet",Playsaurus,2021-09-01,4.99,4.99,0,77218,2674,79892,96.7,2000000,5000000,3500000,9583,2021,9
379430,Kingdom Come: Deliverance,Warhorse Studios,"Warhorse Studios, Deep Silver",2018-02-13,4.49,29.99,85,136446,25760,162206,84.1,2000000,5000000,3500000,2520,2018,2
274170,Hotline Miami 2: Wrong Number,Dennaton Games,Devolver Digital,2015-03-10,14.99,14.99,0,62741,3893,66634,94.2,2000000,5000000,3500000,437,2015,3
232770,POSTAL,Running With Scissors,Running With Scissors,1997-11-14,67.95,67.95,0,10023,1000,11023,90.9,2000000,5000000,3500000,41,1997,11
1363080,Manor Lords,Slavic Magic,Hooded Horse,2024-04-26,39.99,39.99,0,62224,9896,72120,86.3,2000000,5000000,3500000,1977,2024,4
585690,Minimalism,PixelMouse,PixelMouse,2017-02-08,0.99,0.99,0,1276,465,1741,73.3,2000000,5000000,3500000,49,2017,2
289650,Assassin's Creed Unity,Ubisoft,Ubisoft,2014-11-11,7.49,29.99,75,58065,16229,74294,78.2,2000000,5000000,3500000,373,2014,11
17410,Mirror's Edge,DICE,Electronic Arts,2009-01-14,19.99,19.99,0,32983,4669,37652,87.6,2000000,5000000,3500000,43,2009,1
4560,Company of Heroes - Legacy Edition,Relic Entertainment,SEGA,2007-07-17,7.39,36.99,80,6540,457,6997,93.5,2000000,5000000,3500000,65,2007,7
2479810,Gray Zone Warfare,"MADFINGER Games, a.s.","MADFINGER Games, a.s.",2024-04-30,39.99,39.99,0,40235,19083,59318,67.8,2000000,5000000,3500000,7543,2024,4
233130,Shadow Warrior,Flying Wild Hog,Devolver Digital,2013-09-26,2.99,29.99,90,24071,2080,26151,92.0,2000000,5000000,3500000,20,2013,9
1056960,Wolfenstein: Youngblood,"MachineGames, Arkane Studios",Bethesda Softworks,2019-07-25,19.99,19.99,0,6360,8083,14443,44.0,2000000,5000000,3500000,38,2019,7
976310,Mortal Kombat 11,"NetherRealm Studios, QLOC, Shiver","Warner Bros. Games, Warner Bros. Interactive Entertainment",2019-04-23,49.99,49.99,0,93635,12646,106281,88.1,2000000,5000000,3500000,1026,2019,4
202990,Call of Duty: Black Ops II,Treyarch,Activision,2012-11-12,39.99,39.99,0,27100,4790,31890,85.0,2000000,5000000,3500000,167,2012,11
355180,Codename CURE,Raptor Byte,Raptor Byte,2017-10-31,0.0,0.0,0,13960,2518,16478,84.7,2000000,5000000,3500000,12,2017,10
678950,DRAGON BALL FighterZ,Arc System Works,Bandai Namco Entertainment,2018-01-26,9.59,59.99,84,65978,6998,72976,90.4,2000000,5000000,3500000,511,2018,1
1151340,Fallout 76,Bethesda Game Studios,Bethesda Softworks,2020-04-14,39.99,39.99,0,89334,33215,122549,72.9,2000000,5000000,3500000,8796,2020,4
299360,Block N Load,"Toadman Interactive, Artplant",Toadman Interactive,2015-04-30,0.0,0.0,0,11944,3237,15181,78.7,2000000,5000000,3500000,4,2015,4
213670,South Park: The Stick of Truth,Obsidian Entertainment,Ubisoft,2014-03-03,7.49,29.99,75,66636,1669,68305,97.6,2000000,5000000,3500000,274,2014,3
262410,World of Guns: Gun Disassembly,Noble Empire Corp.,Noble Empire Corp.,2014-05-21,0.0,0.0,0,16184,3058,19242,84.1,2000000,5000000,3500000,103,2014,5
224600,Defiance,Trion Worlds,Trion Worlds,2014-06-04,0.0,0.0,0,9676,2964,12640,76.6,2000000,5000000,3500000,2,2014,6
368230,Kingdom: Classic,"Noio, Licorice",Raw Fury,2015-10-21,0.0,0.0,0,20023,2065,22088,90.7,2000000,5000000,3500000,40,2015,10
3097560,Liar's Bar,Curve Animation,Curve Animation,2024-10-02,6.99,6.99,0,44341,4209,48550,91.3,2000000,5000000,3500000,605,2024,10
335300,DARK SOULS II: Scholar of the First Sin,"FromSoftware, Inc.","Bandai Namco Entertainment, FromSoftware, Inc.",2015-04-01,19.99,39.99,50,98052,18658,116710,84.0,2000000,5000000,3500000,1612,2015,4
233860,Kenshi,Lo-Fi Games,Lo-Fi Games,2018-12-06,29.99,29.99,0,93712,4423,98135,95.5,2000000,5000000,3500000,5412,2018,12
240720,Getting Over It with Bennett Foddy,Bennett Foddy,Bennett Foddy,2017-12-06,7.99,7.99,0,63479,13524,77003,82.4,2000000,5000000,3500000,192,2017,12
391720,Layers of Fear (2016),Bloober Team SA,Bloober Team SA,2016-02-15,19.99,19.99,0,23576,3040,26616,88.6,2000000,5000000,3500000,17,2016,2
838350,The Scroll of Taiwu : Beyond The Dome,ConchShip Games,ConchShip Games,2026-06-16,23.99,29.99,20,42350,18287,60637,69.8,2000000,5000000,3500000,989,2026,6
238320,Outlast,Red Barrels,Red Barrels,2013-09-04,14.99,14.99,0,121220,4458,125678,96.5,2000000,5000000,3500000,215,2013,9
282070,This War of Mine,11 bit studios,11 bit studios,2014-11-14,19.99,19.99,0,94484,7256,101740,92.9,2000000,5000000,3500000,756,2014,11
412020,Metro Exodus,4A Games,Deep Silver,2020-02-14,2.99,29.99,90,108945,12370,121315,89.8,2000000,5000000,3500000,702,2020,2
1158310,Crusader Kings III,Paradox Development Studio,Paradox Interactive,2020-09-01,49.99,49.99,0,114259,12650,126909,90.0,2000000,5000000,3500000,14302,2020,9
2567870,Chained Together,"Anegar Games, Lab42",Secret Mode,2024-06-19,4.99,4.99,0,48180,4958,53138,90.7,2000000,5000000,3500000,1154,2024,6
265930,Goat Simulator,Coffee Stain Studios,Coffee Stain Publishing,2014-04-01,1.99,9.99,80,62249,6331,68580,90.8,2000000,5000000,3500000,71,2014,4
214490,Alien: Isolation,"Creative Assembly, Feral Interactive (Mac), Feral Interactive (Linux)","SEGA, Feral Interactive (Mac), Feral Interactive (Linux)",2014-10-06,39.99,39.99,0,56716,4115,60831,93.2,2000000,5000000,3500000,211,2014,10
362890,Black Mesa,Crowbar Collective,Crowbar Collective,2020-03-06,19.99,19.99,0,121562,6131,127693,95.2,2000000,5000000,3500000,907,2020,3
438740,Friday the 13th: The Game,IllFonic,Gun Media,2017-05-25,0.0,0.0,0,62069,15444,77513,80.1,2000000,5000000,3500000,19,2017,5
617290,Remnant: From the Ashes,Gunfire Games,"Arc Games, THQ Nordic",2019-08-19,5.99,39.99,85,44761,8081,52842,84.7,2000000,5000000,3500000,429,2019,8
588430,Fallout Shelter,Bethesda Game Studios,Bethesda Softworks,2017-03-29,0.0,0.0,0,65847,8601,74448,88.4,2000000,5000000,3500000,1001,2017,3
1943950,Escape the Backrooms,"Fancy Games, Blackbird Interactive",Secret Mode,2025-10-23,9.99,9.99,0,93330,9199,102529,91.0,2000000,5000000,3500000,1756,2025,10
203140,Hitman: Absolution,Io-Interactive A/S,Io-Interactive A/S,2012-11-19,1.99,19.99,90,51769,3932,55701,92.9,2000000,5000000,3500000,618,2012,11
12100,Grand Theft Auto III,Rockstar Games,Rockstar Games,2008-01-04,0.0,0.0,0,12654,1946,14600,86.7,2000000,5000000,3500000,42,2008,1
905370,Conqueror's Blade,Booming Tech,Poros Interactive,2019-05-30,0.0,0.0,0,22576,7558,30134,74.9,2000000,5000000,3500000,2,2019,5
1056640,Phantasy Star Online 2,SEGA,SEGA,2020-08-05,0.0,0.0,0,16848,7196,24044,70.1,2000000,5000000,3500000,1400,2020,8
1942280,Brotato,Blobfish,Blobfish,2023-06-23,4.99,4.99,0,94525,3276,97801,96.7,2000000,5000000,3500000,6389,2023,6
238460,BattleBlock Theater,The Behemoth,The Behemoth,2014-05-15,4.49,14.99,70,69617,1997,71614,97.2,2000000,5000000,3500000,78,2014,5
38400,Fallout: A Post Nuclear Role Playing Game,Interplay Inc.,Bethesda Softworks,2015-11-01,9.99,9.99,0,20902,1296,22198,94.2,2000000,5000000,3500000,89,2015,11
881020,Granblue Fantasy: Relink,"Cygames, Inc.","Cygames, Inc.",2024-01-31,39.99,39.99,0,43116,4883,47999,89.8,2000000,5000000,3500000,996,2024,1
65800,Dungeon Defenders,Chromatic Games,Chromatic Games,2011-10-18,14.99,14.99,0,16818,1242,18060,93.1,2000000,5000000,3500000,284,2011,10
204880,Sins of a Solar Empire: Rebellion,"Ironclad Games Corporation, Stardock Entertainment",Stardock Entertainment,2012-06-12,19.99,19.99,0,14919,1096,16015,93.2,2000000,5000000,3500000,280,2012,6
235460,METAL GEAR RISING: REVENGEANCE,PlatinumGames,KONAMI,2014-01-09,29.99,29.99,0,79993,3300,83293,96.0,2000000,5000000,3500000,242,2014,1
581320,Insurgency: Sandstorm,New World Interactive,Focus Entertainment,2018-12-12,29.99,29.99,0,107857,19061,126918,85.0,2000000,5000000,3500000,1826,2018,12
34330,Total War: SHOGUN 2,"CREATIVE ASSEMBLY, Feral Interactive (Mac), Feral Interactive (Linux)","SEGA, Feral Interactive (Mac), Feral Interactive (Linux)",,5.99,29.99,80,22620,2332,24952,90.7,2000000,5000000,3500000,1807,,
387290,Ori and the Blind Forest: Definitive Edition,Moon Studios GmbH,Xbox Game Studios,2016-04-27,4.99,19.99,75,63788,3191,66979,95.2,2000000,5000000,3500000,196,2016,4
728880,Overcooked! 2,"Ghost Town Games Ltd., Team17",Team17,2018-08-07,6.24,24.99,75,65992,6809,72801,90.6,2000000,5000000,3500000,2107,2018,8
391220,Rise of the Tomb Raider,"Crystal Dynamics, Eidos-Montréal, Feral Interactive (Mac), Feral Interactive (Linux), Nixxes","Crystal Dynamics, Feral Interactive (Mac), Feral Interactive (Linux)",2016-02-09,29.99,29.99,0,128080,8100,136180,94.1,2000000,5000000,3500000,777,2016,2
8870,BioShock Infinite,"Irrational Games, Virtual Programming (Linux)",2K,2013-03-25,29.99,29.99,0,131970,8712,140682,93.8,2000000,5000000,3500000,301,2013,3
372000,Tree of Savior (English Ver.),"IMCGAMES Co.,Ltd.","IMCGAMES Co.,Ltd.",2016-03-28,0.0,0.0,0,13046,7265,20311,64.2,2000000,5000000,3500000,163,2016,3
239030,"Papers, Please",Lucas Pope,3909,2013-08-08,9.99,9.99,0,72168,2019,74187,97.3,2000000,5000000,3500000,416,2013,8
629760,MORDHAU,Triternion,Triternion,2019-04-29,29.99,29.99,0,90102,22098,112200,80.3,2000000,5000000,3500000,764,2019,4
646910,The Crew 2,Ivory Tower,Ubisoft,2018-06-28,8.99,29.99,70,72724,21141,93865,77.5,2000000,5000000,3500000,873,2018,6
367500,Dragon's Dogma: Dark Arisen,Capcom,Capcom,2016-01-15,29.99,29.99,0,41310,5376,46686,88.5,2000000,5000000,3500000,329,2016,1
13520,Far Cry,Crytek Studios,Ubisoft,2008-04-01,2.99,9.99,70,8406,1853,10259,81.9,2000000,5000000,3500000,50,2008,4
967050,Pacify,Shawn Hitchcock,Hitchcock Games,2019-02-22,4.99,4.99,0,36071,5620,41691,86.5,2000000,5000000,3500000,77,2019,2
2399830,ARK: Survival Ascended,"Studio Wildcard, Grove Street Games, Instinct Games","Studio Wildcard, Snail Games USA",2023-10-25,44.99,44.99,0,44880,31115,75995,59.1,2000000,5000000,3500000,12007,2023,10
648350,Jurassic World Evolution,Frontier Developments,Frontier Developments,2018-06-11,11.24,44.99,75,47081,6875,53956,87.3,2000000,5000000,3500000,260,2018,6
471710,Rec Room,Rec Room,Rec Room,2021-09-02,0.0,0.0,0,63756,7467,71223,89.5,2000000,5000000,3500000,1510,2021,9
1372880,The Day Before,FNTASTIC,Mytona Fntastic,2023-12-07,0.0,0.0,0,3686,19751,23437,15.7,2000000,5000000,3500000,0,2023,12
524220,NieR:Automata,"Square Enix, PlatinumGames Inc.",Square Enix,2017-03-17,15.99,39.99,60,122027,18142,140169,87.1,2000000,5000000,3500000,690,2017,3
305620,The Long Dark,Hinterland Studio Inc.,Hinterland Studio Inc.,2017-08-01,19.99,19.99,0,101846,10729,112575,90.5,2000000,5000000,3500000,2575,2017,8
475150,Titan Quest Anniversary Edition,"Iron Lore Entertainment, THQ Nordic",THQ Nordic,2016-08-31,19.99,19.99,0,32295,3226,35521,90.9,2000000,5000000,3500000,599,2016,8
47870,Need For Speed: Hot Pursuit,Criterion Games,Electronic Arts,2010-12-14,0.0,0.0,0,16490,3487,19977,82.5,2000000,5000000,3500000,19,2010,12
629520,Soundpad,Leppsoft,Leppsoft,2017-09-30,4.99,4.99,0,84918,3466,88384,96.1,2000000,5000000,3500000,15279,2017,9
282440,Quake Live,id Software,Bethesda Softworks,2014-09-17,9.99,9.99,0,13303,2074,15377,86.5,2000000,5000000,3500000,297,2014,9
1304930,The Outlast Trials,Red Barrels,Red Barrels,2024-03-05,39.99,39.99,0,62533,4423,66956,93.4,2000000,5000000,3500000,3743,2024,3
550900,Metin2,WEBZEN Inc.,Gameforge 4D GmbH,2017-05-08,0.0,0.0,0,10212,4355,14567,70.1,2000000,5000000,3500000,0,2017,5
33230,Assassin's Creed 2,Ubisoft Montreal,Ubisoft,2010-03-09,4.99,19.99,75,48815,5831,54646,89.3,2000000,5000000,3500000,188,2010,3
427730,Who's Your Daddy?!,Evil Tortilla Games,Evil Tortilla Games,2016-05-13,9.99,9.99,0,24318,6091,30409,80.0,2000000,5000000,3500000,75,2016,5
221040,Resident Evil 6,Capcom,Capcom,2013-03-21,19.99,19.99,0,42993,11727,54720,78.6,2000000,5000000,3500000,515,2013,3
1274570,DEVOUR,Straight Back Games,Straight Back Games,2021-01-28,9.99,9.99,0,75057,7457,82514,91.0,2000000,5000000,3500000,447,2021,1
1222700,A Way Out,Hazelight Studios,Electronic Arts,2020-06-18,29.99,29.99,0,72313,10149,82462,87.7,2000000,5000000,3500000,262,2020,6
1468810,鬼谷八荒 Tale of Immortal,鬼谷工作室,"鬼谷工作室, Lightning Games",2023-05-26,19.99,19.99,0,121020,106084,227104,53.3,2000000,5000000,3500000,4116,2023,5
287390,Metro: Last Light Redux,4A Games,Deep Silver,2014-08-25,19.99,19.99,0,63534,6562,70096,90.6,2000000,5000000,3500000,320,2014,8
570940,DARK SOULS: REMASTERED,"QLOC, FromSoftware, Inc.","FromSoftware, Inc., Bandai Namco Entertainment",2018-05-23,19.99,39.99,50,119152,10147,129299,92.2,2000000,5000000,3500000,2879,2018,5
1272080,PAYDAY 3,Starbreeze Studios,Starbreeze Entertainment,2023-09-21,29.99,29.99,0,25497,33195,58692,43.4,2000000,5000000,3500000,644,2023,9
316010,Magic Duels,Stainless Games Ltd.,Wizards of the Coast LLC,2015-07-29,0.0,0.0,0,16916,6928,23844,70.9,2000000,5000000,3500000,37,2015,7
105450,Age of Empires III (2007),Ensemble Studios,Xbox Game Studios,2012-01-05,0.0,0.0,0,29126,2913,32039,90.9,2000000,5000000,3500000,309,2012,1
1167630,Teardown,Tuxedo Labs,Tuxedo Labs,2022-04-21,14.99,29.99,50,104653,4809,109462,95.6,2000000,5000000,3500000,1984,2022,4
11020,TrackMania Nations Forever,Nadeo,Ubisoft,2008-04-16,0.0,0.0,0,21244,2359,23603,90.0,2000000,5000000,3500000,181,2008,4
12200,Bully: Scholarship Edition,Rockstar New England,Rockstar Games,2008-10-21,14.99,14.99,0,30730,5604,36334,84.6,2000000,5000000,3500000,221,2008,10
881100,Noita,Nolla Games,Nolla Games,2020-10-15,19.99,19.99,0,74759,3718,78477,95.3,2000000,5000000,3500000,2019,2020,10
1313140,Cult of the Lamb,Massive Monster,Devolver Digital,2022-08-11,24.99,24.99,0,98711,4517,103228,95.6,2000000,5000000,3500000,1535,2022,8
261570,Ori and the Blind Forest,Moon Studios GmbH,Xbox Game Studios,2015-03-10,0.0,0.0,0,54150,3262,57412,94.3,2000000,5000000,3500000,172,2015,3
1361210,"Warhammer 40,000: Darktide",Fatshark,Fatshark,2022-11-30,39.99,39.99,0,80268,32692,112960,71.1,2000000,5000000,3500000,7267,2022,11
221910,The Stanley Parable,Galactic Cafe,"Galactic Cafe, Klei Publishing",2013-10-17,14.99,14.99,0,41582,3400,44982,92.4,2000000,5000000,3500000,21,2013,10
238090,Sniper Elite 3,Rebellion,Rebellion,2014-06-27,29.99,29.99,0,22323,4794,27117,82.3,2000000,5000000,3500000,82,2014,6
242720,GunZ 2: The Second Duel,Masangsoft,Masangsoft,2014-05-01,0.0,0.0,0,7055,3622,10677,66.1,2000000,5000000,3500000,3,2014,5
1250410,Microsoft Flight Simulator (2020) 40th Anniversary Edition,Asobo Studio,Xbox Game Studios,2026-08-25,59.99,59.99,0,51794,13872,65666,78.9,2000000,5000000,3500000,3245,2026,8
644930,They Are Billions,Numantian Games,Numantian Games,2019-06-18,29.99,29.99,0,41508,7257,48765,85.1,2000000,5000000,3500000,2751,2019,6
641990,The Escapists 2,"Team17, Mouldy Toof Studios",Team17,2017-08-21,4.99,19.99,75,28948,3000,31948,90.6,2000000,5000000,3500000,214,2017,8
1254120,Bless Unleashed,VALOFE,VALOFE,2021-08-06,0.0,0.0,0,16259,14611,30870,52.7,2000000,5000000,3500000,291,2021,8
222880,Insurgency,New World Interactive,New World Interactive,2014-01-22,14.99,14.99,0,114570,10301,124871,91.8,2000000,5000000,3500000,154,2014,1
201790,Orcs Must Die! 2,Robot Entertainment,Robot Entertainment,2012-07-30,3.74,14.99,75,17917,1371,19288,92.9,2000000,5000000,3500000,34,2012,7
1569040,Football Manager 2022,Sports Interactive,SEGA,2021-11-09,0.0,0.0,0,19861,1599,21460,92.5,2000000,5000000,3500000,1742,2021,11
203290,America's Army: Proving Grounds,U.S. Army,U.S. Army,2013-08-29,0.0,0.0,0,8637,2315,10952,78.9,2000000,5000000,3500000,132,2013,8
2670630,Supermarket Simulator,Nokta Games,Nokta Games,2025-06-19,11.99,19.99,40,64104,4237,68341,93.8,2000000,5000000,3500000,2464,2025,6
286570,F1 2015,"Codemasters, Feral Interactive (Linux)","Codemasters, Feral Interactive (Linux)",2015-07-09,0.0,0.0,0,4720,3172,7892,59.8,2000000,5000000,3500000,22,2015,7
787860,Farming Simulator 19,GIANTS Software,GIANTS Software,2018-11-19,17.99,17.99,0,70448,4172,74620,94.4,2000000,5000000,3500000,983,2018,11
466560,Northgard: Definitive Edition,Shiro Games,Shiro Games,2018-03-07,34.99,34.99,0,55844,8851,64695,86.3,2000000,5000000,3500000,1164,2018,3
207140,SpeedRunners,DoubleDutch Games,tinyBuild,2016-04-19,2.99,14.99,80,34525,2215,36740,94.0,2000000,5000000,3500000,195,2016,4
1092790,Inscryption,Daniel Mullins Games,Devolver Digital,2021-10-19,19.99,19.99,0,127792,4098,131890,96.9,2000000,5000000,3500000,1301,2021,10
431240,Golf With Your Friends,"Blacklight Interactive, Team17",Team17,2020-05-19,4.99,49.99,90,59105,7975,67080,88.1,2000000,5000000,3500000,979,2020,5
248570,Toribash,Nabi Studios,"Nicalis, Inc.",2014-05-16,0.0,0.0,0,14775,1928,16703,88.5,2000000,5000000,3500000,85,2014,5
107100,Bastion,Supergiant Games,Supergiant Games,2011-08-16,14.99,14.99,0,35661,1731,37392,95.4,2000000,5000000,3500000,15,2011,8
209000,Batman: Arkham Origins,"WB Games Montreal, Splash Damage",Warner Bros. Interactive Entertainment,2013-10-24,19.99,19.99,0,51192,6071,57263,89.4,2000000,5000000,3500000,616,2013,10
24960,Battlefield: Bad Company 2,DICE,Electronic Arts,2010-03-02,0.0,0.0,0,31749,5438,37187,85.4,2000000,5000000,3500000,22,2010,3
848450,Subnautica: Below Zero,Unknown Worlds Entertainment,Unknown Worlds Entertainment,2021-05-13,29.99,29.99,0,87607,9053,96660,90.6,2000000,5000000,3500000,698,2021,5
286940,S.K.I.L.L. - Special Force 2 (Shooter),"Dragonfly GF Co., LTD",Space Budgie,2015-05-19,0.0,0.0,0,8049,3267,11316,71.1,2000000,5000000,3500000,0,2015,5
740130,Tales of ARISE,Bandai Namco Studios Inc.,Bandai Namco Entertainment,2023-11-08,49.99,49.99,0,30379,4403,34782,87.3,2000000,5000000,3500000,182,2023,11
17390,SPORE,Maxis™,Electronic Arts,2008-12-19,19.99,19.99,0,61124,4996,66120,92.4,2000000,5000000,3500000,599,2008,12
530700,Argo,Bohemia Interactive,Bohemia Interactive,2017-06-22,0.0,0.0,0,5610,5315,10925,51.4,2000000,5000000,3500000,1,2017,6
2622380,ELDEN RING NIGHTREIGN,"FromSoftware, Inc.","FromSoftware, Inc., Bandai Namco Entertainment",2025-05-29,39.99,39.99,0,48901,16771,65672,74.5,2000000,5000000,3500000,163599,2025,5
220240,Far Cry 3,"Ubisoft Montreal, Massive Entertainment, and Ubisoft Shanghai",Ubisoft,2012-12-04,4.99,19.99,75,101914,12105,114019,89.4,2000000,5000000,3500000,488,2012,12
1217060,Gunfire Reborn,Gunfire Reborn Studio,Duoyi Games,2021-11-17,19.99,19.99,0,92655,6517,99172,93.4,2000000,5000000,3500000,1428,2021,11
1248130,Farming Simulator 22,GIANTS Software,GIANTS Software,2021-11-21,19.99,19.99,0,78110,6402,84512,92.4,2000000,5000000,3500000,5419,2021,11
437900,Party Jousting,vikingfabian,vikingfabian,2016-03-01,0.0,0.0,0,662,61,723,91.6,2000000,5000000,3500000,1,2016,3
635260,CarX Drift Racing Online,"CarX Technologies, LLC","CarX Technologies, LLC",2017-11-17,3.39,16.99,80,79504,3912,83416,95.3,2000000,5000000,3500000,1658,2017,11
259080,Just Cause 2: Multiplayer Mod,Avalanche Studios,Square Enix,2013-12-16,0.0,0.0,0,13558,1246,14804,91.6,2000000,5000000,3500000,7,2013,12
414340,Hellblade: Senua's Sacrifice,Ninja Theory,"Ninja Theory, Xbox Game Studios",2017-08-07,29.99,29.99,0,66212,7260,73472,90.1,2000000,5000000,3500000,73,2017,8
42700,Call of Duty: Black Ops,Treyarch,Activision,2010-11-09,39.99,39.99,0,36530,3695,40225,90.8,2000000,5000000,3500000,527,2010,11
108710,Alan Wake,Remedy Entertainment,Remedy Entertainment,2012-02-16,14.99,14.99,0,44449,4714,49163,90.4,2000000,5000000,3500000,165,2012,2
55100,Homefront,"Kaos Studios, Digital Extremes",Deep Silver,2011-03-14,1.99,19.99,90,7787,4980,12767,61.0,2000000,5000000,3500000,12,2011,3
1520470,封灵档案,（Hong Kong）GKD,（Hong Kong）GKD,2021-03-29,0.0,0.0,0,21945,4737,26682,82.2,2000000,5000000,3500000,656,2021,3
644560,Mirror,KAGAMI WORKS,Paradise Project,2018-04-19,1.99,1.99,0,80419,2554,82973,96.9,2000000,5000000,3500000,106,2018,4
1263850,Football Manager 2021,Sports Interactive,SEGA,2020-11-24,0.0,0.0,0,22342,1558,23900,93.5,2000000,5000000,3500000,1122,2020,11
407530,ARK: Survival Of The Fittest,"Studio Wildcard, Instinct Games, Efecto Studios, Virtual Basement LLC",Studio Wildcard,2017-08-29,4.49,14.99,70,7766,3926,11692,66.4,2000000,5000000,3500000,43,2017,8
774171,Muse Dash,peropero,hasuhasu,2019-06-19,2.99,2.99,0,107491,11938,119429,90.0,2000000,5000000,3500000,672,2019,6
279720,The I of the Dragon,Primal,TopWare Interactive,2015-03-06,7.99,7.99,0,676,321,997,67.8,2000000,5000000,3500000,1,2015,3
201810,Wolfenstein: The New Order,MachineGames,Bethesda Softworks,2014-05-19,19.99,19.99,0,51691,4778,56469,91.5,2000000,5000000,3500000,417,2014,5
319510,Five Nights at Freddy's,Scott Cawthon,Scott Cawthon,2014-08-19,4.99,4.99,0,48831,3406,52237,93.5,2000000,5000000,3500000,118,2014,8
1888160,ARMORED CORE VI FIRES OF RUBICON,"FromSoftware, Inc.","FromSoftware, Inc., Bandai Namco Entertainment Inc.",2023-08-24,59.99,59.99,0,70425,6617,77042,91.4,2000000,5000000,3500000,1011,2023,8
674020,World War 3,Wishlist Games,Wishlist Games,2022-12-10,0.0,0.0,0,29495,25034,54529,54.1,2000000,5000000,3500000,59,2022,12
310950,Street Fighter V,"CAPCOM Co., Ltd.","CAPCOM Co., Ltd.",2016-02-15,19.99,19.99,0,29529,14122,43651,67.6,2000000,5000000,3500000,170,2016,2
952060,Resident Evil 3,"CAPCOM Co., Ltd.","CAPCOM Co., Ltd.",2020-04-02,39.99,39.99,0,74536,16699,91235,81.7,2000000,5000000,3500000,362,2020,4
949230,Cities: Skylines II,"Iceflake Studios, Colossal Order",Paradox Interactive,2023-10-24,49.99,49.99,0,38697,34827,73524,52.6,2000000,5000000,3500000,5392,2023,10
1466860,Age of Empires IV: Anniversary Edition,"World's Edge, Relic Entertainment, Forgotten Empires, Climax Studios",Xbox Game Studios,2021-10-28,39.99,39.99,0,69559,11311,80870,86.0,2000000,5000000,3500000,7084,2021,10
1904540,Football Manager 2023,Sports Interactive,SEGA,2022-11-08,0.0,0.0,0,17645,2012,19657,89.8,2000000,5000000,3500000,4178,2022,11
388410,Darksiders II Deathinitive Edition,"Gunfire Games, Vigil Games, THQ Nordic",THQ Nordic,2015-11-05,4.49,29.99,85,14223,3887,18110,78.5,2000000,5000000,3500000,78,2015,11
544810,KARDS - The WWII Card Game,1939 Games,1939 Games,2020-04-15,0.0,0.0,0,28543,10136,38679,73.8,2000000,5000000,3500000,4796,2020,4
611500,Quake Champions,id Software,Bethesda Softworks,2022-08-18,9.99,9.99,0,28297,10068,38365,73.8,2000000,5000000,3500000,203,2022,8
50,Half-Life: Opposing Force,Gearbox Software,Valve,1999-11-01,4.99,4.99,0,24363,1198,25561,95.3,2000000,5000000,3500000,74,1999,11
1408720,Krunker,FRVR,FRVR,2021-02-01,0.0,0.0,0,21147,5599,26746,79.1,2000000,5000000,3500000,32,2021,2
310560,DiRT Rally,"Codemasters, Feral Interactive (Linux), Feral Interactive (Mac)","Codemasters, Feral Interactive (Linux), Feral Interactive (Mac), Electronic Arts",2015-12-07,0.0,0.0,0,34981,4810,39791,87.9,2000000,5000000,3500000,84,2015,12
1845910,Dragon Age: The Veilguard,BioWare,Electronic Arts,2024-10-31,59.99,59.99,0,28118,12361,40479,69.5,2000000,5000000,3500000,804,2024,10
254700,Resident Evil 4 (2005),Capcom,Capcom,2014-02-27,19.99,19.99,0,77003,5431,82434,93.4,2000000,5000000,3500000,673,2014,2
1029690,Sniper Elite 5,Rebellion,Rebellion,2022-05-25,49.99,49.99,0,18453,3750,22203,83.1,2000000,5000000,3500000,1538,2022,5
12220,Grand Theft Auto: Episodes from Liberty City,Rockstar North / Toronto,Rockstar Games,2010-04-12,0.0,0.0,0,7524,2647,10171,74.0,2000000,5000000,3500000,0,2010,4
815370,Green Hell,Creepy Jar,Creepy Jar,2019-09-05,24.99,24.99,0,69304,11300,80604,86.0,2000000,5000000,3500000,1656,2019,9
308040,Back to Bed,Bedtime Digital Games,Bedtime Digital Games,2014-08-06,5.99,5.99,0,2296,537,2833,81.0,2000000,5000000,3500000,1,2014,8
470220,UNO,Ubisoft Entertainment,Ubisoft Entertainment,2017-01-03,3.99,9.99,60,37173,14345,51518,72.2,2000000,5000000,3500000,291,2017,1
302830,BLOCKADE 3D,Novalink,Novalink,2014-12-19,0.0,0.0,0,14974,10584,25558,58.6,2000000,5000000,3500000,4,2014,12
242920,Banished,Shining Rock Software LLC,Shining Rock Software LLC,2014-02-18,19.99,19.99,0,38173,4073,42246,90.4,2000000,5000000,3500000,477,2014,2
236110,Dungeon Defenders II,Chromatic Games,Chromatic Games,2017-06-20,0.0,0.0,0,16882,4941,21823,77.4,2000000,5000000,3500000,351,2017,6
383870,Firewatch,Campo Santo,"Panic, Campo Santo",2016-02-09,19.99,19.99,0,81777,8661,90438,90.4,2000000,5000000,3500000,81,2016,2
1237950,STAR WARS Battlefront II,DICE,Electronic Arts,2020-06-11,39.99,39.99,0,62342,8866,71208,87.5,2000000,5000000,3500000,9213,2020,6
1399780,Spellbreak,"Proletariat, Inc.","Proletariat, Inc.",2020-12-15,0.0,0.0,0,12119,1887,14006,86.5,2000000,5000000,3500000,1,2020,12
312660,Sniper Elite 4,Rebellion,Rebellion,2017-02-13,59.99,59.99,0,53923,5232,59155,91.2,2000000,5000000,3500000,541,2017,2
502500,ACE COMBAT 7: SKIES UNKNOWN,Bandai Namco Studios Inc.,Bandai Namco Entertainment,2019-01-31,59.99,59.99,0,42202,5990,48192,87.6,2000000,5000000,3500000,340,2019,1
632470,Disco Elysium - The Final Cut,ZA/UM,ZA/UM,2019-10-15,9.99,39.99,75,104010,7702,111712,93.1,2000000,5000000,3500000,918,2019,10
200260,Batman: Arkham City - Game of the Year Edition,Rocksteady Studios,WB Games,2012-09-07,19.99,19.99,0,65947,2689,68636,96.1,2000000,5000000,3500000,655,2012,9
393380,Squad,Offworld,Offworld,2020-09-23,19.99,39.99,50,175088,35463,210551,83.2,2000000,5000000,3500000,9116,2020,9
40800,Super Meat Boy,Team Meat,,2010-11-30,14.99,14.99,0,33571,1923,35494,94.6,2000000,5000000,3500000,72,2010,11
303390,Dead Bits,Microblast Games,SA Industry,2014-06-07,4.99,4.99,0,5141,3408,8549,60.1,2000000,5000000,3500000,2,2014,6
280,Half-Life: Source,Valve,Valve,2004-06-01,9.99,9.99,0,11068,4988,16056,68.9,2000000,5000000,3500000,27,2004,6
783770,Ironsight,"WipleGames Inc.,","WipleGames Inc.,",2019-06-19,0.0,0.0,0,16204,6206,22410,72.3,2000000,5000000,3500000,64,2019,6
212070,Star Conflict,Star Gem Inc.,Gaijin Network Ltd,2013-02-27,0.0,0.0,0,10879,3974,14853,73.2,2000000,5000000,3500000,95,2013,2
110800,L.A. Noire,"Team Bondi, Rockstar Leeds",Rockstar Games,2011-11-08,19.99,19.99,0,29214,4812,34026,85.9,2000000,5000000,3500000,150,2011,11
41070,Serious Sam 3: BFE,Croteam,Devolver Digital,2011-11-22,29.99,29.99,0,24491,3224,27715,88.4,2000000,5000000,3500000,105,2011,11
50300,Spec Ops: The Line,YAGER,"2K, Missing Link Games",2012-06-29,0.0,0.0,0,51267,3642,54909,93.4,2000000,5000000,3500000,31,2012,6
1284210,Guild Wars 2,ArenaNet®,ArenaNet®,2022-08-23,0.0,0.0,0,19151,2392,21543,88.9,2000000,5000000,3500000,3277,2022,8
485510,Nioh: Complete Edition,"KOEI TECMO GAMES CO., LTD.","KOEI TECMO GAMES CO., LTD.",2017-11-07,7.49,49.99,85,27867,7025,34892,79.9,2000000,5000000,3500000,291,2017,11
35700,Trine Enchanted Edition,Frozenbyte,Frozenbyte,2009-07-02,14.99,14.99,0,14696,649,15345,95.8,2000000,5000000,3500000,16,2009,7
210770,Sanctum 2,Coffee Stain Studios,Coffee Stain Publishing,2013-05-15,14.99,14.99,0,12856,1435,14291,90.0,2000000,5000000,3500000,15,2013,5
282140,SOMA,Frictional Games,Frictional Games,2015-09-21,29.99,29.99,0,43530,1835,45365,96.0,2000000,5000000,3500000,57,2015,9
495420,State of Decay 2: Juggernaut Edition,Undead Labs,Xbox Game Studios,2020-03-13,29.99,29.99,0,52001,10715,62716,82.9,2000000,5000000,3500000,1281,2020,3
323580,Jotun: Valhalla Edition,Thunder Lotus,Thunder Lotus,2015-09-29,14.99,14.99,0,6536,1905,8441,77.4,2000000,5000000,3500000,3,2015,9
225260,Brutal Legend,Double Fine Productions,Double Fine Productions,2013-02-26,14.99,14.99,0,17657,1314,18971,93.1,2000000,5000000,3500000,36,2013,2
2835570,Buckshot Roulette,Mike Klubnika,CRITICAL REFLEX,2024-04-04,2.99,2.99,0,91745,3796,95541,96.0,2000000,5000000,3500000,793,2024,4
464920,Surviving Mars,"Haemimont Games, Abstraction",Paradox Interactive,2018-03-15,29.99,29.99,0,22472,4098,26570,84.6,2000000,5000000,3500000,507,2018,3
9900,Star Trek Online,Cryptic Studios,Arc Games,2012-01-31,0.0,0.0,0,15939,4206,20145,79.1,2000000,5000000,3500000,1057,2012,1
7940,Call of Duty 4: Modern Warfare (2007),Infinity Ward,Activision,2007-11-12,19.99,19.99,0,23438,1632,25070,93.5,2000000,5000000,3500000,377,2007,11
493340,Planet Coaster,"Frontier Developments, Aspyr (Mac)","Frontier Developments, Aspyr (Mac)",2016-11-17,11.24,44.99,75,64131,6147,70278,91.3,2000000,5000000,3500000,687,2016,11
343710,Kholat,IMGN.PRO,IMGN.PRO,2015-06-09,19.99,19.99,0,4485,2238,6723,66.7,2000000,5000000,3500000,1,2015,6
504230,Celeste,"Maddy Makes Games Inc., Extremely OK Games, Ltd.",Maddy Makes Games Inc.,2018-01-25,19.99,19.99,0,117545,3057,120602,97.5,2000000,5000000,3500000,1174,2018,1
265590,The Red Solstice,Ironward,Ironward,2015-07-09,0.99,9.99,90,1772,729,2501,70.9,2000000,5000000,3500000,5,2015,7
394510,HELLDIVERS Dive Harder Edition,Arrowhead Game Studios,PlayStation Publishing LLC,2015-12-07,19.99,19.99,0,28441,3078,31519,90.2,2000000,5000000,3500000,209,2015,12
1128810,RISK: Global Domination,SMG Studio,SMG Studio,2020-02-19,0.0,0.0,0,31060,7783,38843,80.0,2000000,5000000,3500000,2153,2020,2
325610,Total War: ATTILA,"CREATIVE ASSEMBLY, Feral Interactive","SEGA, Feral Interactive",2015-02-17,19.99,19.99,0,28785,6287,35072,82.1,2000000,5000000,3500000,1422,2015,2
1643320,S.T.A.L.K.E.R. 2: Heart of Chornobyl,GSC Game World,"GSC Game World (worldwide), SEGA (Japan), 4Divinity (China and South East Asia)",2024-11-20,59.99,59.99,0,91274,22072,113346,80.5,2000000,5000000,3500000,2403,2024,11
204450,Call of Juarez: Gunslinger,Techland,Techland Publishing,2013-05-22,14.99,14.99,0,38679,2027,40706,95.0,2000000,5000000,3500000,91,2013,5
63380,Sniper Elite V2,Rebellion,Rebellion,,0.0,0.0,0,22263,2958,25221,88.3,2000000,5000000,3500000,34,,
268420,Aura Kingdom,X-Legend,Aeria Games,2014-07-04,0.0,0.0,0,6676,1884,8560,78.0,2000000,5000000,3500000,1,2014,7
482730,Football Manager 2017,Sports Interactive,SEGA,2016-11-03,0.0,0.0,0,6576,4465,11041,59.6,2000000,5000000,3500000,388,2016,11
360970,Heaven Forest NIGHTS,Fabio Ferrara,Chubby Pixel,2017-03-14,0.99,0.99,0,227,112,339,67.0,2000000,5000000,3500000,0,2017,3
22370,Fallout 3: Game of the Year Edition,Bethesda Game Studios,Bethesda Softworks,2009-12-17,19.99,19.99,0,41078,9515,50593,81.2,2000000,5000000,3500000,318,2009,12
349040,NARUTO SHIPPUDEN: Ultimate Ninja STORM 4,CyberConnect2 Co. Ltd.,BANDAI NAMCO Entertainment,2016-02-04,19.99,19.99,0,80515,7987,88502,91.0,2000000,5000000,3500000,384,2016,2
823130,Totally Accurate Battlegrounds,Landfall,Landfall,2018-06-05,0.0,0.0,0,76919,10093,87012,88.4,2000000,5000000,3500000,121,2018,6
204100,Max Payne 3,Rockstar Studios,Rockstar Games,2012-05-31,19.99,19.99,0,49420,7656,57076,86.6,2000000,5000000,3500000,197,2012,5
1184370,Pathfinder: Wrath of the Righteous - Enhanced Edition,Owlcat Games,"META Publishing, Owlcat Games",2021-09-02,3.99,19.99,80,32303,6193,38496,83.9,2000000,5000000,3500000,1874,2021,9
640820,Pathfinder: Kingmaker — Enhanced Plus Edition,Owlcat Games,Knights Peak,2018-09-25,19.99,19.99,0,26001,7420,33421,77.8,2000000,5000000,3500000,590,2018,9
47890,The Sims 3,"The Sims Studio, Maxis",Electronic Arts,2011-01-27,19.99,19.99,0,28544,4366,32910,86.7,2000000,5000000,3500000,1264,2011,1
637650,FINAL FANTASY XV WINDOWS EDITION,Square Enix,Square Enix,2018-03-06,10.49,34.99,70,44632,9056,53688,83.1,2000000,5000000,3500000,339,2018,3
703080,Planet Zoo,Frontier Developments,Frontier Developments,2019-11-05,13.49,44.99,70,80029,7820,87849,91.1,2000000,5000000,3500000,2497,2019,11
35140,Batman: Arkham Asylum Game of the Year Edition,Rocksteady Studios,WB Games,2010-03-26,19.99,19.99,0,70940,2711,73651,96.3,2000000,5000000,3500000,601,2010,3
460950,Katana ZERO,Askiisoft,Devolver Digital,2019-04-18,14.99,14.99,0,69672,1397,71069,98.0,2000000,5000000,3500000,82,2019,4
50620,Darksiders,Vigil Games,THQ Nordic,2010-09-23,19.99,19.99,0,11074,1328,12402,89.3,2000000,5000000,3500000,9,2010,9
337000,Deus Ex: Mankind Divided,"Eidos Montreal, Feral Interactive (Linux/Mac)","Eidos Interactive Corp., Feral Interactive (Linux/Mac)",2016-08-23,2.99,29.99,90,31037,9813,40850,76.0,2000000,5000000,3500000,205,2016,8
433340,Slime Rancher,Monomi Park,Monomi Park,2017-08-01,19.99,19.99,0,135271,2826,138097,98.0,2000000,5000000,3500000,858,2017,8
238010,Deus Ex: Human Revolution - Director's Cut,Eidos Montreal,Eidos Interactive Corp.,2013-10-25,1.99,19.99,90,25909,2216,28125,92.1,2000000,5000000,3500000,193,2013,10
527230,For The King,IronOak Games,Curve Games,2018-04-19,3.99,19.99,80,36581,4906,41487,88.2,2000000,5000000,3500000,428,2018,4
39120,RIFT,gamigo US Inc.,gamigo US Inc.,2011-03-01,0.0,0.0,0,8347,2896,11243,74.2,2000000,5000000,3500000,139,2011,3
307690,Sleeping Dogs: Definitive Edition,"United Front Games, Feral Interactive (Mac)","Square Enix, Feral Interactive (Mac)",2014-10-08,19.99,19.99,0,64644,4385,69029,93.6,2000000,5000000,3500000,524,2014,10
266840,Age of Mythology: Extended Edition,"SkyBox Labs, Ensemble Studios, Forgotten Empires",Xbox Game Studios,2014-05-08,29.99,29.99,0,32895,2413,35308,93.2,2000000,5000000,3500000,804,2014,5
2054970,Dragon's Dogma 2,"CAPCOM Co., Ltd.","CAPCOM Co., Ltd.",2024-03-21,39.99,39.99,0,65154,41785,106939,60.9,2000000,5000000,3500000,768,2024,3
645630,Car Mechanic Simulator 2018,Red Dot Games,PlayWay S.A.,2017-07-28,1.59,19.99,92,47065,4456,51521,91.4,2000000,5000000,3500000,202,2017,7
300,Day of Defeat: Source,Valve,Valve,2010-07-12,9.99,9.99,0,20798,1891,22689,91.7,2000000,5000000,3500000,238,2010,7
1790600,DRAGON BALL: Sparking! ZERO,"Spike Chunsoft Co., Ltd.",Bandai Namco Entertainment,2024-10-10,29.99,49.99,40,58221,6959,65180,89.3,2000000,5000000,3500000,949,2024,10
368260,Marvel's Midnight Suns,Firaxis Games,2K,2022-12-01,8.99,59.99,85,17871,4003,21874,81.7,2000000,5000000,3500000,436,2022,12
389570,Mitos.is: The Game,Freakinware Studios,Freakinware Studios,2015-07-29,0.0,0.0,0,9560,2271,11831,80.8,2000000,5000000,3500000,43,2015,7
736590,Operation: Harsh Doorstop,Drakeling Labs,"Funbox Media Ltd, ZOOM Platform Media",2023-02-15,0.0,0.0,0,14167,4253,18420,76.9,2000000,5000000,3500000,119,2023,2
1637320,Dome Keeper,Bippinbits,Raw Fury,2022-09-27,17.99,17.99,0,14952,1260,16212,92.2,2000000,5000000,3500000,402,2022,9
409720,BioShock 2 Remastered,"2K Marin, 2K China, Digital Extremes, 2K Australia, Blind Squirrel, Feral Interactive (Mac)","2K, Feral Interactive (Mac)",2016-09-15,19.99,19.99,0,18860,7762,26622,70.8,2000000,5000000,3500000,198,2016,9
975370,Dwarf Fortress,Bay 12 Games,Kitfox Games,2022-12-06,29.99,29.99,0,27134,1445,28579,94.9,2000000,5000000,3500000,915,2022,12
15620,"Warhammer 40,000: Dawn of War II - Anniversary Edition (Classic)","Relic Entertainment, Feral Interactive (Mac/Linux)","Relic Entertainment, Feral Interactive (Mac/Linux)",2009-02-18,49.99,49.99,0,11298,1476,12774,88.4,2000000,5000000,3500000,152,2009,2
1371980,No Rest for the Wicked,Moon Studios GmbH,Moon Studios GmbH,2024-04-18,39.99,39.99,0,39563,10970,50533,78.3,2000000,5000000,3500000,947,2024,4
993090,Lossless Scaling,THS,THS,2018-12-28,6.99,6.99,0,22235,2653,24888,89.3,2000000,5000000,3500000,5667,2018,12
476480,Heaven Forest - VR MMO,Fabio Ferrara,Chubby Pixel,2016-12-14,0.99,0.99,0,331,156,487,68.0,2000000,5000000,3500000,1,2016,12
65930,The Bureau: XCOM Declassified,2K Marin,2K,2013-08-19,19.99,19.99,0,8277,3509,11786,70.2,2000000,5000000,3500000,15,2013,8
3132990,Black Myth: Wukong Benchmark Tool,Game Science,Game Science,2024-08-12,0.0,0.0,0,4485,368,4853,92.4,2000000,5000000,3500000,59,2024,8
1277400,Monster Hunter Stories 2: Wings of Ruin,"CAPCOM Co., Ltd.","CAPCOM Co., Ltd.",2021-07-08,39.99,39.99,0,13186,2801,15987,82.5,2000000,5000000,3500000,118,2021,7
2215430,Ghost of Tsushima DIRECTOR'S CUT,"Sucker Punch Productions, Nixxes Software",PlayStation Publishing LLC,2024-05-16,59.99,59.99,0,61086,4029,65115,93.8,2000000,5000000,3500000,2025,2024,5
602960,Barotrauma,"FakeFish, Undertow Games",Daedalic Entertainment,2023-03-13,17.49,34.99,50,70694,4640,75334,93.8,2000000,5000000,3500000,2371,2023,3
606150,Moonlighter,Digital Sun,11 bit studios,2018-05-29,19.99,19.99,0,16395,3518,19913,82.3,2000000,5000000,3500000,127,2018,5
342200,MechWarrior Online Solaris 7,Piranha Games Inc.,Piranha Games Inc.,2015-12-10,0.0,0.0,0,9790,2430,12220,80.1,2000000,5000000,3500000,392,2015,12
1824220,Chivalry 2,Torn Banner Studios,Tripwire Presents,2022-06-12,39.99,39.99,0,37673,9288,46961,80.2,2000000,5000000,3500000,1565,2022,6
55150,"Warhammer 40,000: Space Marine - Anniversary Edition",Relic Entertainment,Relic Entertainment,2011-09-05,39.99,39.99,0,27915,2501,30416,91.8,2000000,5000000,3500000,95,2011,9
8980,Borderlands Game of the Year,Gearbox Software,2K,2023-08-31,5.99,29.99,80,28944,3579,32523,89.0,2000000,5000000,3500000,142,2023,8
900883,The Elder Scrolls IV: Oblivion Game of the Year Edition Deluxe (2009),Bethesda Game Studios®,Bethesda Softworks,2009-06-16,19.99,19.99,0,48307,2354,50661,95.4,2000000,5000000,3500000,0,2009,6
312530,Duck Game,Landon Podbielski,CORPTRON GAMES CORP.,2015-06-04,12.99,12.99,0,37172,1304,38476,96.6,2000000,5000000,3500000,112,2015,6
1139900,Ghostrunner,"One More Level, 3D Realms, Slipgate Ironworks™, All in! Games",505 Games,2020-10-27,29.99,29.99,0,57713,5436,63149,91.4,2000000,5000000,3500000,174,2020,10
1343400,RuneScape ,Jagex Ltd,Jagex Ltd,2020-10-14,0.0,0.0,0,20941,4397,25338,82.6,2000000,5000000,3500000,2496,2020,10
738060,Freddy Fazbear's Pizzeria Simulator,Scott Cawthon,Scott Cawthon,2017-12-04,0.0,0.0,0,28374,1835,30209,93.9,2000000,5000000,3500000,118,2017,12
893520,Creative Destruction,NetEase Games,NetEase Games,2018-08-02,0.0,0.0,0,14571,3940,18511,78.7,2000000,5000000,3500000,0,2018,8
234650,Shadowrun Returns,Harebrained Schemes,Paradox Interactive,2013-07-25,14.99,14.99,0,11833,1549,13382,88.4,2000000,5000000,3500000,31,2013,7
744900,Dead Frontier 2,Creaky Corpse Ltd,Creaky Corpse Ltd,2019-07-15,0.0,0.0,0,18844,7957,26801,70.3,2000000,5000000,3500000,647,2019,7
314160,Microsoft Flight Simulator X: Steam Edition,Microsoft Game Studios,Xbox Game Studios,2014-12-18,24.99,24.99,0,22120,3483,25603,86.4,2000000,5000000,3500000,486,2014,12
1364780,Street Fighter 6,"CAPCOM Co., Ltd.","CAPCOM Co., Ltd.",2023-06-01,39.99,39.99,0,48252,8414,56666,85.2,2000000,5000000,3500000,14920,2023,6
9010,Return to Castle Wolfenstein,Gray Matter Studios,Bethesda Softworks,2007-08-03,4.99,4.99,0,7832,585,8417,93.0,2000000,5000000,3500000,26,2007,8
554620,Life is Strange: Before the Storm,"Deck Nine, Feral Interactive (Mac), Feral Interactive (Linux)","Square Enix, Feral Interactive (Mac), Feral Interactive (Linux)",2017-08-31,16.99,16.99,0,34787,2506,37293,93.3,2000000,5000000,3500000,35,2017,8
368500,Assassin's Creed Syndicate,"Ubisoft Quebec, in collaboration with Ubisoft Annecy, Bucharest, Kiev, Montreal, Montpellier, Shanghai, Singapore, Sofia, Toronto studios",Ubisoft,2015-11-18,5.99,29.99,80,23779,5900,29679,80.1,2000000,5000000,3500000,173,2015,11
17470,Dead Space (2008),EA Redwood Shores,Electronic Arts,2009-01-09,7.99,19.99,60,25388,2272,27660,91.8,2000000,5000000,3500000,43,2009,1
204300,Awesomenauts,Ronimo Games,Atari,2012-08-01,19.99,19.99,0,22618,4113,26731,84.6,2000000,5000000,3500000,83,2012,8
630100,SoulWorker - Anime Action MMO,"Lion Games Co., Ltd.",Gameforge 4D GmbH,2018-02-26,0.0,0.0,0,11048,2901,13949,79.2,2000000,5000000,3500000,0,2018,2
750920,Shadow of the Tomb Raider: Definitive Edition,"Eidos-Montréal, Crystal Dynamics, Nixxes, Feral Interactive (Mac), Feral interactive (Linux)","Crystal Dynamics, Feral Interactive (Mac), Feral interactive (Linux)",2018-09-14,39.99,39.99,0,66684,12759,79443,83.9,2000000,5000000,3500000,582,2018,9
436520,Line of Sight,BlackSpot Entertainment,BlackSpot Entertainment,2017-01-31,0.0,0.0,0,5402,3653,9055,59.7,2000000,5000000,3500000,9,2017,1
1659040,HITMAN World of Assassination,IO Interactive A/S,IO Interactive A/S,2022-01-20,29.99,29.99,0,39449,6333,45782,86.2,2000000,5000000,3500000,2637,2022,1
788100,Neon Abyss,Veewo Games,"Team17, Veewo Games",2020-07-14,19.99,19.99,0,19957,3183,23140,86.2,2000000,5000000,3500000,161,2020,7
858820,Tribes of Midgard,Norsfell,"Gearbox Publishing, 2K",2021-07-27,19.99,19.99,0,17197,5278,22475,76.5,2000000,5000000,3500000,113,2021,7
680420,OUTRIDERS,People Can Fly,Square Enix,2021-04-01,19.99,19.99,0,40267,20201,60468,66.6,2000000,5000000,3500000,178,2021,4
678960,CODE VEIN,Bandai Namco Studios,Bandai Namco Entertainment,2019-09-26,59.99,59.99,0,48327,8991,57318,84.3,2000000,5000000,3500000,443,2019,9
1611910,"Warhammer 40,000: Chaos Gate - Daemonhunters",Complex Games,Frontier Foundry,2022-05-05,44.99,44.99,0,10162,2945,13107,77.5,2000000,5000000,3500000,373,2022,5
206440,To the Moon,Freebird Games,"Freebird Games, Serenity Forge",2012-09-07,9.99,9.99,0,77246,3015,80261,96.2,2000000,5000000,3500000,86,2012,9
613010,Secret in Story,Naivus Luo,Naivus Luo,2017-06-19,0.99,0.99,0,79,35,114,69.3,2000000,5000000,3500000,0,2017,6
424280,Iron Snout,SnoutUp,SnoutUp,2016-01-27,0.0,0.0,0,16955,391,17346,97.7,2000000,5000000,3500000,13,2016,1
212160,Vindictus,devCAT,NEXON Korea Corp. &amp; NEXON America Inc.,2012-06-22,0.0,0.0,0,5300,2563,7863,67.4,2000000,5000000,3500000,141,2012,6
1030830,Mafia II: Definitive Edition,"Hangar 13, D3T",2K,2020-05-19,29.99,29.99,0,21955,8309,30264,72.5,2000000,5000000,3500000,538,2020,5
365450,Hacknet,Team Fractal Alligator,Fellow Traveller,2015-08-12,9.99,9.99,0,23511,1604,25115,93.6,2000000,5000000,3500000,31,2015,8
302510,Ryse: Son of Rome,Crytek,Crytek ,2014-10-10,9.99,9.99,0,35415,5411,40826,86.7,2000000,5000000,3500000,83,2014,10
22330,The Elder Scrolls IV: Oblivion Game of the Year Edition (2009),Bethesda Game Studios,Bethesda Softworks,2009-06-16,14.99,14.99,0,48307,2354,50661,95.4,2000000,5000000,3500000,1156,2009,6
1687950,Persona 5 Royal,ATLUS,SEGA,2022-10-20,17.99,59.99,70,99657,3487,103144,96.6,2000000,5000000,3500000,4994,2022,10
238370,Magicka 2,Pieces Interactive,Paradox Interactive,2015-05-26,14.99,14.99,0,11061,2330,13391,82.6,2000000,5000000,3500000,26,2015,5
113020,Monaco: What's Yours Is Mine,Pocketwatch Games,Balor Games,2013-04-24,14.99,14.99,0,7728,800,8528,90.6,2000000,5000000,3500000,6,2013,4
3070070,TCG Card Shop Simulator,OPNeon Games,OPNeon Games,2026-09-14,19.99,19.99,0,38392,1107,39499,97.2,2000000,5000000,3500000,1661,2026,9
977950,A Dance of Fire and Ice,7th Beat Games,"7th Beat Games, indienova",2019-01-24,5.99,5.99,0,69052,4419,73471,94.0,2000000,5000000,3500000,1870,2019,1
6860,Hitman: Blood Money,Io-Interactive A/S,Io-Interactive A/S,2007-03-15,0.99,9.99,90,13213,821,14034,94.1,2000000,5000000,3500000,66,2007,3
1057240,Crucible Beta,Relentless Studios,Amazon Games,2020-05-20,0.0,0.0,0,4624,6120,10744,43.0,2000000,5000000,3500000,0,2020,5
268050,The Evil Within,Tango Gameworks,Bethesda Softworks,2014-10-13,19.99,19.99,0,25820,4485,30305,85.2,2000000,5000000,3500000,211,2014,10
511470,Glass Masquerade,Onyx Lute,Onyx Lute,2016-11-18,1.24,4.99,75,6405,202,6607,96.9,2000000,5000000,3500000,11,2016,11
389430,Knight Online,"Noah System, Mgame",NTTGame,2016-01-25,0.0,0.0,0,5482,5404,10886,50.4,2000000,5000000,3500000,1421,2016,1
289130,ENDLESS Legend,AMPLITUDE Studios,AMPLITUDE Studios,2014-09-18,7.49,29.99,75,15589,3042,18631,83.7,2000000,5000000,3500000,173,2014,9
488790,South Park: The Fractured But Whole,Ubisoft San Francisco,Ubisoft,2017-10-16,8.99,29.99,70,24764,4520,29284,84.6,2000000,5000000,3500000,250,2017,10
493520,GTFO,10 Chambers,10 Chambers,2021-12-09,39.99,39.99,0,52357,9740,62097,84.3,2000000,5000000,3500000,307,2021,12
546560,Half-Life: Alyx,Valve,Valve,2020-03-23,59.99,59.99,0,95555,1674,97229,98.3,2000000,5000000,3500000,202,2020,3
439190,Stories: The Path of Destinies,Spearhead Games,Spearhead Games,2016-04-12,14.99,14.99,0,5754,767,6521,88.2,2000000,5000000,3500000,3,2016,4
67370,The Darkness II,Digital Extremes,2K,2012-02-09,29.99,29.99,0,18121,1651,19772,91.6,2000000,5000000,3500000,19,2012,2
845070,The Awesome Adventures of Captain Spirit,DONTNOD Entertainment,Square Enix,2018-06-25,0.0,0.0,0,13218,1036,14254,92.7,2000000,5000000,3500000,16,2018,6
453480,Shadowverse CCG,"Cygames, Inc.","Cygames, Inc., Cygames Korea Inc.",2016-10-27,0.0,0.0,0,10839,3875,14714,73.7,2000000,5000000,3500000,1122,2016,10
633230,NARUTO TO BORUTO: SHINOBI STRIKER,Soleil Ltd.,Bandai Namco Entertainment,2023-06-29,9.99,39.99,75,47138,8892,56030,84.1,2000000,5000000,3500000,255,2023,6
32370,STAR WARS Knights of the Old Republic,"BioWare, Aspyr (Mac)","LucasArts, Aspyr (Mac), Disney, Lucasfilm",2009-09-05,9.99,9.99,0,28928,2810,31738,91.1,2000000,5000000,3500000,424,2009,9
476600,Call of Duty: WWII,"Sledgehammer Games, Raven Software",Activision,2017-11-02,59.99,59.99,0,30055,13278,43333,69.4,2000000,5000000,3500000,298,2017,11
1404210,Red Dead Online,Rockstar Games,Rockstar Games,2020-12-01,19.99,19.99,0,55526,11255,66781,83.1,2000000,5000000,3500000,2207,2020,12
1557740,ROUNDS,Landfall,Landfall,2021-04-01,5.99,5.99,0,34893,1765,36658,95.2,2000000,5000000,3500000,555,2021,4
1619450,Heart of a Warrior,Techworld Communication,Techworld Communication ,2022-02-01,10.99,10.99,0,0,1,1,0.0,2000000,5000000,3500000,0,2022,2
683320,GRIS,Nomada Studio,Devolver Digital,2018-12-13,14.99,14.99,0,80404,3044,83448,96.4,2000000,5000000,3500000,67,2018,12
2551020,One-armed robber,Duhndal,Duhndal,2023-12-15,0.0,0.0,0,35393,3335,38728,91.4,2000000,5000000,3500000,786,2023,12
1536610,OpenTTD,OpenTTD,OpenTTD,2021-04-01,0.0,0.0,0,13845,549,14394,96.2,1000000,2000000,1500000,445,2021,4
386940,Ultimate Chicken Horse,Clever Endeavour Games,Clever Endeavour Games,2016-03-04,14.99,14.99,0,46319,1981,48300,95.9,1000000,2000000,1500000,350,2016,3
346010,Besiege,Spiderling Studios,Spiderling Studios,2020-02-18,2.99,14.99,80,47491,2263,49754,95.5,1000000,2000000,1500000,243,2020,2
924970,Back 4 Blood,Turtle Rock Studios,Warner Bros. Games,2021-10-12,59.99,59.99,0,46833,21608,68441,68.4,1000000,2000000,1500000,1288,2021,10
349700,Romero's Aftermath,Free Reign Entertainment,"OP Productions LLC, Free Reign East LLC",2015-09-24,0.0,0.0,0,5385,5693,11078,48.6,1000000,2000000,1500000,0,2015,9
208140,ENDLESS Space - Definitive Edition,AMPLITUDE Studios,AMPLITUDE Studios,2012-07-04,9.99,9.99,0,7540,1824,9364,80.5,1000000,2000000,1500000,106,2012,7
206500,AirMech Strike,Carbon Games,Carbon Games,2018-03-30,0.0,0.0,0,8984,1695,10679,84.1,1000000,2000000,1500000,30,2018,3
57690,Tropico 4,Haemimont Games,Kalypso Media Digital,2011-09-01,14.99,14.99,0,11400,1027,12427,91.7,1000000,2000000,1500000,87,2011,9
2322010,God of War Ragnarök,"Santa Monica Studio, Jetpack Interactive",PlayStation Publishing LLC,2024-09-19,59.99,59.99,0,27127,4261,31388,86.4,1000000,2000000,1500000,1591,2024,9
274940,Depth,Ammobox Studios,Ammobox Studios,2014-11-03,19.99,19.99,0,28701,3964,32665,87.9,1000000,2000000,1500000,13,2014,11
412220,DDraceNetwork,DDNet Team,DDNet Team,2020-08-17,0.0,0.0,0,33440,4010,37450,89.3,1000000,2000000,1500000,2679,2020,8
1290000,PowerWash Simulator,FuturLab,FuturLab,2022-07-14,24.99,24.99,0,50767,1643,52410,96.9,1000000,2000000,1500000,2547,2022,7
1286680,Tiny Tina's Wonderlands,Gearbox Software,2K,2022-06-23,29.99,29.99,0,15933,6053,21986,72.5,1000000,2000000,1500000,866,2022,6
39500,Gothic 3,Piranha Bytes,THQ Nordic,2009-12-02,19.99,19.99,0,9244,2120,11364,81.3,1000000,2000000,1500000,173,2009,12
872790,Football Manager 2019,Sports Interactive,SEGA,2018-11-02,0.0,0.0,0,10827,1653,12480,86.8,1000000,2000000,1500000,581,2018,11
291650,Pillars of Eternity,Obsidian Entertainment,Xbox Game Studios,2015-03-26,11.99,29.99,60,21751,2899,24650,88.2,1000000,2000000,1500000,204,2015,3
17330,Crysis Warhead,Crytek,Electronic Arts,2008-09-17,19.99,19.99,0,3280,544,3824,85.8,1000000,2000000,1500000,5,2008,9
1533390,Gorilla Tag,Another Axiom Inc.,Another Axiom Inc.,2023-01-01,19.99,19.99,0,64966,6197,71163,91.3,1000000,2000000,1500000,852,2023,1
606280,Darksiders III,Gunfire Games,THQ Nordic,2018-11-27,39.99,39.99,0,11626,3571,15197,76.5,1000000,2000000,1500000,52,2018,11
10500,Total War: EMPIRE – Definitive Edition,"CREATIVE ASSEMBLY, Feral Interactive (Mac), Feral Interactive (Linux)","SEGA, Feral Interactive (Mac), Feral Interactive (Linux)",2009-03-04,19.99,19.99,0,32211,3269,35480,90.8,1000000,2000000,1500000,2028,2009,3
1476970,Legends of IdleOn - Idle MMO,Lavaflame2,Lavaflame2,2025-11-06,0.0,0.0,0,17310,4406,21716,79.7,1000000,2000000,1500000,11081,2025,11
1262580,Need for Speed Payback,Ghost Games,Electronic Arts,2020-06-18,7.79,29.99,74,24868,4186,29054,85.6,1000000,2000000,1500000,204,2020,6
246620,Plague Inc: Evolved,Ndemic Creations,Ndemic Creations,2016-02-18,14.99,14.99,0,52571,3093,55664,94.4,1000000,2000000,1500000,1494,2016,2
319830,AX:EL - Air XenoDawn,Alex Piola,KISS ltd,2015-12-04,0.0,0.0,0,899,293,1192,75.4,1000000,2000000,1500000,4,2015,12
324800,Shadow Warrior 2,Flying Wild Hog,Devolver Digital,2016-10-13,2.99,29.99,90,23758,3472,27230,87.2,1000000,2000000,1500000,61,2016,10
341800,Keep Talking and Nobody Explodes,Steel Crate Games,Steel Crate Games,2015-10-08,14.99,14.99,0,15346,401,15747,97.5,1000000,2000000,1500000,148,2015,10
322500,SUPERHOT,SUPERHOT Team,SUPERHOT Team,2016-02-25,7.49,24.99,70,35390,3386,38776,91.3,1000000,2000000,1500000,43,2016,2
939960,Far Cry New Dawn,"Ubisoft Montreal, Ubisoft Kiev, Ubisoft Shanghai",Ubisoft,2019-02-15,7.99,39.99,80,24362,7819,32181,75.7,1000000,2000000,1500000,215,2019,2
239820,Game Dev Tycoon,Greenheart Games,Greenheart Games,2013-08-29,9.99,9.99,0,34126,1657,35783,95.4,1000000,2000000,1500000,157,2013,8
509980,BIGFOOT,CyberLight Game Studio,CyberLight Game Studio,2017-01-31,19.99,19.99,0,17125,3741,20866,82.1,1000000,2000000,1500000,121,2017,1
364360,Total War: WARHAMMER,"CREATIVE ASSEMBLY, Feral Interactive (Linux), Feral Interactive (Mac)","SEGA, Feral Interactive (Linux), Feral Interactive (Mac)",2016-05-24,59.99,59.99,0,40889,11533,52422,78.0,1000000,2000000,1500000,297,2016,5
492720,Tropico 6,"Limbic Entertainment, Realmforge Studios",Kalypso Media,2019-03-29,39.99,39.99,0,23776,3415,27191,87.4,1000000,2000000,1500000,575,2019,3
12110,Grand Theft Auto: Vice City,Rockstar Games,Rockstar Games,2008-01-04,0.0,0.0,0,27142,2134,29276,92.7,1000000,2000000,1500000,113,2008,1
460790,Bayonetta,PlatinumGames,SEGA,2017-04-11,19.99,19.99,0,26797,2156,28953,92.6,1000000,2000000,1500000,109,2017,4
1213210,Command & Conquer Remastered Collection,"Petroglyph, Lemon Sky Studios",Electronic Arts,2020-06-05,4.99,19.99,75,29891,3069,32960,90.7,1000000,2000000,1500000,564,2020,6
627690,Idle Champions of the Forgotten Realms,Codename Entertainment Inc.,Codename Entertainment Inc.,2020-03-25,0.0,0.0,0,11212,3268,14480,77.4,1000000,2000000,1500000,3034,2020,3
569480,Kingdoms and Castles,"Lion Shield, LLC","Lion Shield, LLC",2017-07-20,9.99,19.99,50,27743,1972,29715,93.4,1000000,2000000,1500000,317,2017,7
2021910,FPS Chess,Meta Fork,DigiPen Institute of Technology,2022-07-16,0.0,0.0,0,31223,5909,37132,84.1,1000000,2000000,1500000,228,2022,7
242860,Verdun,BlackMill Games,BlackMill Games,2015-04-28,14.99,59.99,75,32142,5175,37317,86.1,1000000,2000000,1500000,64,2015,4
239160,Thief,"Eidos-Montréal, Feral Interactive (Mac)","Eidos Interactive Corp., Feral Interactive (Mac)",2014-02-27,19.99,19.99,0,17337,5926,23263,74.5,1000000,2000000,1500000,110,2014,2
391460,WARMODE,Novalink,Novalink,2019-09-13,0.0,0.0,0,10255,6275,16530,62.0,1000000,2000000,1500000,2,2019,9
636480,Ravenfield,SteelRaven7,SteelRaven7,2017-05-18,17.99,17.99,0,71341,2264,73605,96.9,1000000,2000000,1500000,617,2017,5
2100,Dark Messiah of Might & Magic,Arkane Studios,Ubisoft,2006-10-25,2.49,9.99,75,9813,951,10764,91.2,1000000,2000000,1500000,45,2006,10
228280,Baldur's Gate: Enhanced Edition,Beamdog,Beamdog,2013-01-16,19.99,19.99,0,15123,1275,16398,92.2,1000000,2000000,1500000,378,2013,1
21690,Resident Evil 5,Capcom,Capcom,2009-09-15,19.99,19.99,0,42807,6310,49117,87.2,1000000,2000000,1500000,566,2009,9
2420510,HoloCure - Save the Fans!,KayAnimate,KayAnimate,2023-08-16,0.0,0.0,0,37623,363,37986,99.0,1000000,2000000,1500000,645,2023,8
629730,Blade and Sorcery,WarpFrog,WarpFrog,2024-06-17,29.99,29.99,0,55566,1919,57485,96.7,1000000,2000000,1500000,657,2024,6
113420,Fallen Earth Free2Play,Little Orbit,Little Orbit,2012-02-22,0.0,0.0,0,4484,3047,7531,59.5,1000000,2000000,1500000,1,2012,2
304240,Resident Evil,"CAPCOM Co., Ltd.","CAPCOM Co., Ltd.",2015-01-19,19.99,19.99,0,24613,2154,26767,92.0,1000000,2000000,1500000,186,2015,1
269210,Hero Siege,Panic Art Studios Ltd,Panic Art Studios Ltd,2014-01-29,7.99,7.99,0,29813,13699,43512,68.5,1000000,2000000,1500000,369,2014,1
706990,BLOCKPOST,Skullcap Studios,Skullcap Studios,2019-04-25,0.0,0.0,0,12342,4219,16561,74.5,1000000,2000000,1500000,13,2019,4
621060,PC Building Simulator,"Claudiu Kiss, The Irregular Corporation",The Irregular Corporation,2019-01-29,19.99,19.99,0,48356,3299,51655,93.6,1000000,2000000,1500000,132,2019,1
48190,Assassin’s Creed Brotherhood,Ubisoft Montreal,Ubisoft,2011-03-22,4.99,19.99,75,20484,2652,23136,88.5,1000000,2000000,1500000,169,2011,3
638970,Yakuza 0,Ryu Ga Gotoku Studio,SEGA,2018-08-01,10.99,19.99,45,70292,3189,73481,95.7,1000000,2000000,1500000,550,2018,8
24010,Train Simulator Classic,Dovetail Games,"Dovetail Games - Trains, Dovetail Games",2015-09-17,5.99,29.99,80,20015,8172,28187,71.0,1000000,2000000,1500000,503,2015,9
228380,Wreckfest,Bugbear,THQ Nordic,2018-06-14,7.49,29.99,75,34031,4586,38617,88.1,1000000,2000000,1500000,328,2018,6
327690,Gigantic,Motiga Inc.,Perfect World Entertainment,2017-07-19,0.0,0.0,0,5759,1731,7490,76.9,1000000,2000000,1500000,0,2017,7
417860,Emily is Away,Kyle Seeley,Kyle Seeley,2015-11-20,0.0,0.0,0,28260,3636,31896,88.6,1000000,2000000,1500000,9,2015,11
1262350,SIGNALIS,rose-engine,Balor Games,2022-10-27,19.99,19.99,0,25320,837,26157,96.8,1000000,2000000,1500000,108,2022,10
1058020,"STAR WARS Battlefront (Classic, 2004)",Pandemic Studios,"Lucasfilm, LucasArts, Disney",2019-05-01,9.99,9.99,0,4186,153,4339,96.5,1000000,2000000,1500000,50,2019,5
582160,Assassin's Creed Origins,Ubisoft Montreal,Ubisoft,2017-10-26,8.99,59.99,85,97301,16195,113496,85.7,1000000,2000000,1500000,1604,2017,10
287450,Rise of Nations: Extended Edition,"SkyBox Labs, Big Huge Games",Xbox Game Studios,2014-06-12,19.99,19.99,0,13962,782,14744,94.7,1000000,2000000,1500000,522,2014,6
582500,We Were Here,Total Mayhem Games,Total Mayhem Games,2017-02-03,0.0,0.0,0,27014,2983,29997,90.1,1000000,2000000,1500000,142,2017,2
442080,Riders of Icarus,"WeMade, VALOFE",VALOFE,2016-07-06,0.0,0.0,0,7083,3643,10726,66.0,1000000,2000000,1500000,4,2016,7
519860,DUSK,David Szymanski,New Blood Interactive,2018-12-10,7.99,19.99,60,22830,639,23469,97.3,1000000,2000000,1500000,36,2018,12
22320,The Elder Scrolls III: Morrowind Game of the Year Edition,Bethesda Game Studios,Bethesda Softworks,2009-06-16,14.99,14.99,0,25172,1212,26384,95.4,1000000,2000000,1500000,635,2009,6
704270,Generation Zero,Systemic Reaction™,Avalanche Studios,2019-03-26,24.99,24.99,0,29053,11451,40504,71.7,1000000,2000000,1500000,234,2019,3
40990,Mafia,Illusion Softworks,2K,2002-08-28,14.99,14.99,0,13346,1911,15257,87.5,1000000,2000000,1500000,59,2002,8
1627140,Sabre Team,Krisalis Software,Ziggurat,2021-06-04,6.99,6.99,0,2,2,4,50.0,1000000,2000000,1500000,0,2021,6
612880,Wolfenstein II: The New Colossus,MachineGames,Bethesda Softworks,2017-10-26,39.99,39.99,0,36084,8413,44497,81.1,1000000,2000000,1500000,290,2017,10
638070,Murderous Pursuits,Blazing Griffin,Blazing Griffin,2018-04-26,9.99,9.99,0,1794,1022,2816,63.7,1000000,2000000,1500000,3,2018,4
3146520,WEBFISHING,lamedeveloper,lamedeveloper,2024-10-11,4.99,4.99,0,64473,1337,65810,98.0,1000000,2000000,1500000,686,2024,10
537180,Digimon Masters Online,"Move Games Co., Ltd.",MOVE ON USA CO.,2016-11-03,0.0,0.0,0,5461,2664,8125,67.2,1000000,2000000,1500000,236,2016,11
232890,Stronghold Crusader 2,Firefly Studios,Firefly Studios,2014-09-22,39.99,39.99,0,12328,4754,17082,72.2,1000000,2000000,1500000,217,2014,9
6000,STAR WARS Republic Commando,LucasArts,"LucasArts, Lucasfilm, Disney",2009-07-08,9.99,9.99,0,15357,687,16044,95.7,1000000,2000000,1500000,68,2009,7
1049410,Superliminal,Pillow Castle,Pillow Castle,2020-11-05,19.99,19.99,0,28522,1629,30151,94.6,1000000,2000000,1500000,65,2020,11
1343370,Old School RuneScape,Jagex Ltd,Jagex Ltd,2021-02-24,0.0,0.0,0,15244,3091,18335,83.1,1000000,2000000,1500000,1050,2021,2
1238860,Battlefield 4,DICE,Electronic Arts,2020-06-11,39.99,39.99,0,60650,10498,71148,85.2,1000000,2000000,1500000,1153,2020,6
961200,Predecessor,Omeda Studios,Omeda Studios,2024-08-20,0.0,0.0,0,10260,3776,14036,73.1,1000000,2000000,1500000,1816,2024,8
102600,Orcs Must Die!,Robot Entertainment,Robot Entertainment,2011-10-11,9.99,9.99,0,7856,333,8189,95.9,1000000,2000000,1500000,20,2011,10
2527500,MiSide,AIHASTO,"IndieArk, Shochiku (Japan)",2024-12-10,14.99,14.99,0,108883,2204,111087,98.0,1000000,2000000,1500000,631,2024,12
870780,CONTROL Ultimate Edition,Remedy Entertainment,Remedy Entertainment,2020-08-27,39.99,39.99,0,44045,6403,50448,87.3,1000000,2000000,1500000,648,2020,8
24980,Mass Effect 2 (2010 Edition),BioWare,Electronic Arts,,0.0,0.0,0,14623,920,15543,94.1,1000000,2000000,1500000,8,,
312520,Rain World,Videocult,Akupara Games,2017-03-28,24.99,24.99,0,39787,2490,42277,94.1,1000000,2000000,1500000,836,2017,3
285190,"Warhammer 40,000: Dawn of War III","Relic Entertainment, Feral Interactive (Mac), Feral Interactive (Linux)","Relic Entertainment, Feral Interactive (Mac), Feral Interactive (Linux)",2017-04-27,39.99,39.99,0,10879,11638,22517,48.3,1000000,2000000,1500000,88,2017,4
202170,Sleeping Dogs,United Front Games,Square Enix,,0.0,0.0,0,16134,950,17084,94.4,1000000,2000000,1500000,18,,
235600,Tom Clancy’s Splinter Cell Blacklist,Ubisoft Toronto,Ubisoft,2013-08-20,4.99,19.99,75,15918,3989,19907,80.0,1000000,2000000,1500000,43,2013,8
34030,Total War: NAPOLEON – Definitive Edition,"CREATIVE ASSEMBLY, Feral Interactive (Mac)","SEGA, Feral Interactive (Mac)",2010-02-25,19.99,19.99,0,23179,2186,25365,91.4,1000000,2000000,1500000,929,2010,2
459820,Crush Crush,Sad Panda Studios,Sad Panda Studios,2016-10-18,0.0,0.0,0,24246,2949,27195,89.2,1000000,2000000,1500000,892,2016,10
47810,Dragon Age: Origins - Ultimate Edition,BioWare,Electronic Arts,2010-10-26,7.49,29.99,75,24599,3813,28412,86.6,1000000,2000000,1500000,394,2010,10
1313860,EA SPORTS FIFA 21,EA Canada,Electronic Arts,2020-10-08,0.0,0.0,0,42906,13377,56283,76.2,1000000,2000000,1500000,138,2020,10
280790,Creativerse,Playful Corp.,Playful Corp.,2017-05-08,24.99,24.99,0,24051,6924,30975,77.6,1000000,2000000,1500000,35,2017,5
2280,DOOM + DOOM II,"id Software, Night Dive Studios, Romero Games Ltd, MachineGames",Bethesda Softworks,2007-08-03,9.99,9.99,0,24105,879,24984,96.5,1000000,2000000,1500000,345,2007,8
637090,BATTLETECH,Harebrained Schemes,Paradox Interactive,2018-04-24,39.99,39.99,0,26438,5125,31563,83.8,1000000,2000000,1500000,1446,2018,4
690790,DiRT Rally 2.0,Codemasters,"Codemasters, Electronic Arts",2019-02-25,13.99,19.99,30,39383,5212,44595,88.3,1000000,2000000,1500000,631,2019,2
704850,Thief Simulator,Noble Muffins,PlayWay S.A.,2018-11-09,1.79,19.99,91,31601,4206,35807,88.3,1000000,2000000,1500000,243,2018,11
424370,Wolcen: Lords of Mayhem,WOLCEN Studio,WOLCEN Studio,2020-02-13,19.99,19.99,0,37846,29831,67677,55.9,1000000,2000000,1500000,30,2020,2
851850,DRAGON BALL Z: KAKAROT,CyberConnect2 Co. Ltd.,Bandai Namco Entertainment Inc.,2020-01-16,14.99,19.99,25,50976,3704,54680,93.2,1000000,2000000,1500000,264,2020,1
243470,Watch_Dogs,Ubisoft,Ubisoft,2014-05-26,1.99,19.99,90,35770,9953,45723,78.2,1000000,2000000,1500000,388,2014,5
1384160,GUILTY GEAR -STRIVE-,Arc System Works,Arc System Works,2021-06-11,39.99,39.99,0,52377,7005,59382,88.2,1000000,2000000,1500000,2463,2021,6
491950,Orwell: Keeping an Eye On You,Osmotic Studios,Daedalic Entertainment,2016-10-27,9.99,9.99,0,13540,1414,14954,90.5,1000000,2000000,1500000,14,2016,10
2622000,Astral Party ,STAR ENGINE PROJECT,Neverland Entertainment,2024-02-28,0.0,0.0,0,9547,7422,16969,56.3,1000000,2000000,1500000,3227,2024,2
1061910,Metal: Hellsinger,The Outsiders,Funcom,2022-09-15,29.99,29.99,0,15140,626,15766,96.0,1000000,2000000,1500000,45,2022,9
247080,Crypt of the NecroDancer,Brace Yourself Games,"Brace Yourself Games, Klei Entertainment",2015-04-23,14.99,14.99,0,24053,1063,25116,95.8,1000000,2000000,1500000,114,2015,4
392110,ENDLESS Space 2,AMPLITUDE Studios,AMPLITUDE Studios,2017-05-18,39.99,39.99,0,18526,3664,22190,83.5,1000000,2000000,1500000,359,2017,5
47830,Medal of Honor,Electronic Arts,Electronic Arts,2010-10-12,19.99,19.99,0,3382,1403,4785,70.7,1000000,2000000,1500000,1,2010,10
9340,Company of Heroes: Opposing Fronts,Relic Entertainment,SEGA,2007-09-24,3.99,19.99,80,1045,93,1138,91.8,1000000,2000000,1500000,19,2007,9
214420,Gear Up,Doctor Entertainment AB,Doctor Entertainment AB,2015-01-28,0.0,0.0,0,6243,2119,8362,74.7,1000000,2000000,1500000,4,2015,1
438040,Shakes and Fidget,Playa Games GmbH,Playa Games GmbH,2016-02-24,0.0,0.0,0,33837,2756,36593,92.5,1000000,2000000,1500000,1389,2016,2
752590,A Plague Tale: Innocence,Asobo Studio,Focus Entertainment,2019-05-14,39.99,39.99,0,58909,4133,63042,93.4,1000000,2000000,1500000,145,2019,5
736220,Squad 44,Offworld,Offworld,2018-08-09,19.99,19.99,0,18508,6156,24664,75.0,1000000,2000000,1500000,143,2018,8
933110,Age of Empires III: Definitive Edition,"World's Edge, Tantalus Media, Forgotten Empires",Xbox Game Studios,2020-10-15,34.99,34.99,0,40941,7401,48342,84.7,1000000,2000000,1500000,3016,2020,10
24200,DC Universe Online,Dimensional Ink Games,Daybreak Game Company,2011-11-02,0.0,0.0,0,16923,4093,21016,80.5,1000000,2000000,1500000,546,2011,11
304670,Aeon Command,"Bat Country Games, LLC","Bat Country Games, LLC",2014-07-03,2.99,2.99,0,325,87,412,78.9,1000000,2000000,1500000,0,2014,7
228200,Company of Heroes,Relic Entertainment,Relic Entertainment,2006-09-11,2.99,14.99,80,16025,946,16971,94.4,1000000,2000000,1500000,864,2006,9
233720,Surgeon Simulator,Bossa Studios,"Infogrames, Atari",2013-04-19,9.99,9.99,0,13566,2927,16493,82.3,1000000,2000000,1500000,11,2013,4
1483870,Draw & Guess,Acureus,Acureus,2021-03-12,4.99,4.99,0,28294,5381,33675,84.0,1000000,2000000,1500000,296,2021,3
692850,Bloodstained: Ritual of the Night,ArtPlay,505 Games,2019-06-18,39.99,39.99,0,36999,2486,39485,93.7,1000000,2000000,1500000,158,2019,6
15100,Assassin's Creed: Director's Cut Edition,Ubisoft Montreal,Ubisoft,2008-04-09,4.99,19.99,75,17822,4075,21897,81.4,1000000,2000000,1500000,61,2008,4
1241100,POLYGON: Multiplayer Shooter,Redaster Studio,Redaster Studio,2020-03-06,0.0,0.0,0,26313,8756,35069,75.0,1000000,2000000,1500000,119,2020,3
1282100,REMNANT II,Gunfire Games,"Arc Games, THQ Nordic",2023-07-25,49.99,49.99,0,50249,10114,60363,83.2,1000000,2000000,1500000,1573,2023,7
287290,Resident Evil Revelations 2,"CAPCOM Co., Ltd.","CAPCOM Co., Ltd.",2015-02-24,19.99,19.99,0,22413,6276,28689,78.1,1000000,2000000,1500000,141,2015,2
1225330,NBA 2K21,Visual Concepts,2K,2020-09-04,0.0,0.0,0,16233,22823,39056,41.6,1000000,2000000,1500000,148,2020,9
4920,Natural Selection 2,Unknown Worlds Entertainment,"Unknown Worlds Entertainment, KRAFTON, Inc.",2012-10-30,4.99,4.99,0,11207,1932,13139,85.3,1000000,2000000,1500000,95,2012,10
1515950,Capcom Arcade Stadium,"CAPCOM Co., Ltd.","CAPCOM Co., Ltd.",2021-05-24,59.99,59.99,0,2397,2010,4407,54.4,1000000,2000000,1500000,32,2021,5
19900,Far Cry 2,Ubisoft Montreal,Ubisoft,2008-10-22,2.99,9.99,70,12895,3942,16837,76.6,1000000,2000000,1500000,77,2008,10
979690,The Ascent,Neon Giant,"KRAFTON, Inc.",2021-07-29,29.99,29.99,0,16932,5952,22884,74.0,1000000,2000000,1500000,211,2021,7
232050,Eador. Masters of the Broken World,Snowbird Games,Snowbird Games,2013-04-19,19.99,19.99,0,1871,872,2743,68.2,1000000,2000000,1500000,31,2013,4
130,Half-Life: Blue Shift,Gearbox Software,Valve,2001-06-01,4.99,4.99,0,17384,1410,18794,92.5,1000000,2000000,1500000,35,2001,6
809960,Radical Heights,Boss Key Productions,Boss Key Productions,2018-04-10,0.0,0.0,0,6072,3727,9799,62.0,1000000,2000000,1500000,0,2018,4
47790,Medal of Honor,Electronic Arts,Electronic Arts,2010-10-12,19.99,19.99,0,7621,2438,10059,75.8,1000000,2000000,1500000,24,2010,10
253980,Enclave,Starbreeze,Topware Interactive,2013-10-04,9.99,9.99,0,5068,1312,6380,79.4,1000000,2000000,1500000,63,2013,10
292730,Call of Duty: Infinite Warfare,Infinity Ward,Activision,2016-11-03,59.99,59.99,0,16982,11396,28378,59.8,1000000,2000000,1500000,326,2016,11
774361,Blasphemous,The Game Kitchen,Team17,2019-09-10,24.99,24.99,0,46393,5091,51484,90.1,1000000,2000000,1500000,479,2019,9
34270,SEGA Mega Drive and Genesis Classics,D3T Limited,SEGA,2010-06-01,0.0,0.0,0,9533,2269,11802,80.8,1000000,2000000,1500000,22,2010,6
251060,Wargame: Red Dragon,Eugen Systems,Eugen Systems,2014-04-17,29.99,29.99,0,17036,2147,19183,88.8,1000000,2000000,1500000,434,2014,4
4500,S.T.A.L.K.E.R.: Shadow of Chernobyl,GSC Game World,GSC Game World,2007-03-20,19.99,19.99,0,44761,2530,47291,94.7,1000000,2000000,1500000,185,2007,3
32470,STAR WARS Empire at War - Gold Pack,Petroglyph,"LucasArts, Lucasfilm, Disney",2010-05-25,19.99,19.99,0,38503,932,39435,97.6,1000000,2000000,1500000,2818,2010,5
837470,Untitled Goose Game,House House,Panic,2020-09-23,8.99,19.99,55,21184,920,22104,95.8,1000000,2000000,1500000,100,2020,9
834910,ATLAS,"Grapeshot Games, Instinct Games","Grapeshot Games, Snail Games USA",2018-12-22,29.99,29.99,0,20142,22392,42534,47.4,1000000,2000000,1500000,468,2018,12
454650,DRAGON BALL XENOVERSE 2,"QLOC, Dimps Corporation",Bandai Namco Entertainment,2016-10-27,19.99,19.99,0,47781,5102,52883,90.4,1000000,2000000,1500000,652,2016,10
1284410,GWENT: The Witcher Card Game,CD PROJEKT RED,CD PROJEKT RED,2020-05-19,0.0,0.0,0,24044,5320,29364,81.9,1000000,2000000,1500000,619,2020,5
1238820,Battlefield 3,DICE,Electronic Arts,2020-06-11,3.99,39.99,90,10748,4612,15360,70.0,1000000,2000000,1500000,90,2020,6
323470,DRAGON BALL XENOVERSE,DIMPS,BANDAI NAMCO Entertainment,2015-02-26,3.99,39.99,90,18775,2127,20902,89.8,1000000,2000000,1500000,63,2015,2
1089980,The Henry Stickmin Collection,PuffballsUnited,Innersloth,2020-08-07,14.99,14.99,0,50017,681,50698,98.7,1000000,2000000,1500000,185,2020,8
1147560,Skul: The Hero Slayer,SOUTHPAW GAMES,NEOWIZ,2021-01-20,19.99,19.99,0,51218,3683,54901,93.3,1000000,2000000,1500000,1205,2021,1
214560,Mark of the Ninja,Klei Entertainment,Microsoft Studios,,4.99,4.99,0,15360,476,15836,97.0,1000000,2000000,1500000,2,,
225080,Brothers - A Tale of Two Sons,Starbreeze Studios AB,505 Games,2013-09-03,14.99,14.99,0,38721,2274,40995,94.5,1000000,2000000,1500000,9,2013,9
237930,Transistor,Supergiant Games,Supergiant Games,2014-05-20,19.99,19.99,0,28786,1806,30592,94.1,1000000,2000000,1500000,10,2014,5
96100,Defy Gravity Extended,Paul Fisch,Fish Factory Games,2016-03-18,1.99,1.99,0,7365,1187,8552,86.1,1000000,2000000,1500000,0,2016,3
113200,The Binding of Isaac,"Edmund McMillen, Florian Himsl",Edmund McMillen,2011-09-28,2.24,4.99,55,57299,3080,60379,94.9,1000000,2000000,1500000,213,2011,9
2310,Quake,"id Software, Nightdive Studios, MachineGames",Bethesda Softworks,2007-08-03,9.99,9.99,0,13926,474,14400,96.7,1000000,2000000,1500000,82,2007,8
599140,Graveyard Keeper,Lazy Bear Games,tinyBuild,2018-08-15,3.99,19.99,80,37721,5926,43647,86.4,1000000,2000000,1500000,941,2018,8
1840,Source Filmmaker,Valve,Valve,2012-07-10,0.0,0.0,0,37791,2868,40659,92.9,1000000,2000000,1500000,1047,2012,7
65980,Sid Meier's Civilization: Beyond Earth,"Firaxis Games, Aspyr (Mac), Aspyr (Linux)","2K, Aspyr (Mac), Aspyr (Linux)",2014-10-23,39.99,39.99,0,13604,8974,22578,60.3,1000000,2000000,1500000,268,2014,10
373420,Divinity: Original Sin - Enhanced Edition,Larian Studios,Larian Studios,2015-10-27,39.99,39.99,0,26069,2997,29066,89.7,1000000,2000000,1500000,387,2015,10
1621690,Core Keeper,Pugstorm,"Fireshine Games, bilibili",2024-08-27,19.99,19.99,0,51042,3937,54979,92.8,1000000,2000000,1500000,3688,2024,8
1089090,ONE PIECE: PIRATE WARRIORS 4,Koei Tecmo,BANDAI NAMCO Entertainment,2023-09-14,39.99,39.99,0,18314,1666,19980,91.7,1000000,2000000,1500000,191,2023,9
311860,Data Hacker: Initiation,New Reality Games,New Reality Games,2014-07-21,1.99,1.99,0,173,95,268,64.6,1000000,2000000,1500000,2,2014,7
942970,Unheard - Voices of Crime,NEXT Studios,"NEXT Studios, 505 Games",2019-03-28,6.99,6.99,0,30125,1184,31309,96.2,1000000,2000000,1500000,68,2019,3
41500,Torchlight,Runic Games,XD,2009-10-27,2.99,14.99,80,6319,637,6956,90.8,1000000,2000000,1500000,40,2009,10
17080,Tribes: Ascend,Hi-Rez Studios,Hi-Rez Studios,2012-06-27,0.0,0.0,0,6946,1639,8585,80.9,1000000,2000000,1500000,0,2012,6
1778820,TEKKEN 8,Bandai Namco Studios Inc.,Bandai Namco Entertainment,2024-01-25,39.99,39.99,0,33020,28048,61068,54.1,1000000,2000000,1500000,4409,2024,1
1522820,Orcs Must Die! 3,Robot Entertainment,Robot Entertainment,2021-07-23,29.99,29.99,0,12067,2016,14083,85.7,1000000,2000000,1500000,161,2021,7
23310,The Last Remnant,Square Enix,Square Enix,2009-04-09,0.0,0.0,0,3308,762,4070,81.3,1000000,2000000,1500000,26,2009,4
487220,Freebie,"Free Games Info, hyperboreanGames",Back To Basics Gaming,2016-06-16,0.99,1.99,50,1032,371,1403,73.6,1000000,2000000,1500000,0,2016,6
34440,Sid Meier's Civilization IV,Firaxis Games,2K,2006-10-25,19.99,19.99,0,1473,145,1618,91.0,1000000,2000000,1500000,1,2006,10
4570,"Warhammer 40,000: Dawn of War - Anniversary Edition (Classic)",Relic Entertainment,Relic Entertainment,2007-08-07,14.99,14.99,0,10634,572,11206,94.9,1000000,2000000,1500000,76,2007,8
2322560,Love Is All Around,intiny,intiny,2023-10-17,9.99,9.99,0,42490,2924,45414,93.6,1000000,2000000,1500000,71,2023,10
2344520,Diablo IV,"Blizzard Entertainment, Inc.","Blizzard Entertainment, Inc.",2023-10-17,49.99,49.99,0,32969,17333,50302,65.5,1000000,2000000,1500000,8835,2023,10
6880,Just Cause,Avalanche Studios,Square Enix,2007-03-15,6.99,6.99,0,3266,1674,4940,66.1,1000000,2000000,1500000,8,2007,3
10680,Aliens vs. Predator,Rebellion,SEGA,2010-02-16,14.99,14.99,0,18175,1778,19953,91.1,1000000,2000000,1500000,49,2010,2
216150,MapleStory,NEXON Korea Corporation,Nexon America Inc.,2012-08-09,0.0,0.0,0,8882,5305,14187,62.6,1000000,2000000,1500000,8092,2012,8
443110,Armored Warfare,"Obsidian Entertainment, Wishlist Games",Wishlist Games,2017-11-17,0.0,0.0,0,3238,1713,4951,65.4,1000000,2000000,1500000,121,2017,11
378540,The Surge,Deck13,Focus Entertainment,2017-05-15,14.99,14.99,0,8236,2715,10951,75.2,1000000,2000000,1500000,92,2017,5
527430,"Warhammer 40,000: Inquisitor - Martyr",NeocoreGames,NeocoreGames,2018-06-05,49.99,49.99,0,16053,5097,21150,75.9,1000000,2000000,1500000,208,2018,6
753640,Outer Wilds,Mobius Digital,Annapurna Interactive,2020-06-18,24.99,24.99,0,80833,3655,84488,95.7,1000000,2000000,1500000,928,2020,6
583950,Artifact,Valve,Valve,2018-11-28,0.0,0.0,0,11614,13144,24758,46.9,1000000,2000000,1500000,33,2018,11
206480,Dungeons & Dragons Online,Standing Stone Games,Daybreak Game Company LLC,2012-06-25,0.0,0.0,0,5140,2090,7230,71.1,1000000,2000000,1500000,260,2012,6
334210,Fortified,Siege Camp,Siege Camp,2016-02-03,14.99,14.99,0,1275,435,1710,74.6,1000000,2000000,1500000,1,2016,2
921630,音灵 INVAXION,Nanjing AQUATRAX,bilibili,2018-12-19,0.0,0.0,0,3303,2911,6214,53.2,1000000,2000000,1500000,0,2018,12
215080,WAKFU,Ankama Studio,Ankama Games,2014-09-18,0.0,0.0,0,7744,2492,10236,75.7,1000000,2000000,1500000,257,2014,9
65790,Arma: Cold War Assault Remastered,"Bohemia Interactive, Josef Šimánek (retro)",Bohemia Interactive,2011-08-08,9.99,9.99,0,4857,1236,6093,79.7,1000000,2000000,1500000,10,2011,8
332070,School of Dragons,"JumpStart Games, Inc.","JumpStart Games, Inc.",2014-12-04,0.0,0.0,0,3435,2127,5562,61.8,1000000,2000000,1500000,1,2014,12
311340,METAL GEAR SOLID V: GROUND ZEROES,KONAMI,KONAMI,2014-12-18,19.99,19.99,0,14283,2673,16956,84.2,1000000,2000000,1500000,47,2014,12
535930,Two Point Hospital,Two Point Studios,SEGA,2018-08-29,29.99,29.99,0,30563,2711,33274,91.9,1000000,2000000,1500000,518,2018,8
414700,Outlast 2,Red Barrels,Red Barrels,2017-04-24,19.99,19.99,0,50676,4824,55500,91.3,1000000,2000000,1500000,119,2017,4
270150,RUNNING WITH RIFLES,Osumia Games,Osumia Games,2015-04-02,14.99,14.99,0,14195,1932,16127,88.0,1000000,2000000,1500000,165,2015,4
292910,Deponia: The Complete Journey,Daedalic Entertainment,Daedalic Entertainment,2014-07-08,29.99,29.99,0,5613,931,6544,85.8,1000000,2000000,1500000,31,2014,7
447020,Farming Simulator 17,GIANTS Software,GIANTS Software,2016-10-24,14.99,14.99,0,23379,1630,25009,93.5,1000000,2000000,1500000,221,2016,10
1282730,Loop Hero,Four Quarters,Devolver Digital,2021-03-04,14.99,14.99,0,32214,2445,34659,92.9,1000000,2000000,1500000,348,2021,3
17300,Crysis,Crytek,Electronic Arts,2008-09-17,29.99,29.99,0,10565,2649,13214,80.0,1000000,2000000,1500000,10,2008,9
102500,Kingdoms of Amalur: Reckoning,"Big Huge Games, 38 Studios","38 Studios, Electronic Arts",,0.0,0.0,0,11366,1553,12919,88.0,1000000,2000000,1500000,21,,
32800,Lord of the Rings: War in the North,Snowblind Studios,Warner Bros. Interactive Entertainment,2011-11-01,0.0,0.0,0,7603,1749,9352,81.3,1000000,2000000,1500000,16,2011,11
8850,BioShock 2,"2K Marin, 2K China, Digital Extremes, 2K Australia",2K,2010-02-09,19.99,19.99,0,12864,1555,14419,89.2,1000000,2000000,1500000,23,2010,2
899440,GOD EATER 3,BANDAI NAMCO Studios Inc.,BANDAI NAMCO Entertainment,2019-02-07,59.99,59.99,0,7450,1921,9371,79.5,1000000,2000000,1500000,249,2019,2
418240,Shadow Tactics: Blades of the Shogun,Mimimi Games,Daedalic Entertainment,2016-12-06,39.99,39.99,0,35767,1470,37237,96.1,1000000,2000000,1500000,218,2016,12
207230,ArcheBlade,CodeBrush Games,Codebrush Games,2014-04-25,0.0,0.0,0,5594,2053,7647,73.2,1000000,2000000,1500000,3,2014,4
20570,"Warhammer 40,000: Dawn of War II Chaos Rising","Relic Entertainment, Feral Interactive (Mac/Linux)","SEGA, Feral Interactive (Mac/Linux)",2010-03-11,0.0,0.0,0,3047,304,3351,90.9,1000000,2000000,1500000,30,2010,3
17460,Mass Effect (2007),BioWare,Electronic Arts,2008-12-19,29.99,29.99,0,15394,1040,16434,93.7,1000000,2000000,1500000,22,2008,12
383150,Dead Island Definitive Edition,Techland,Deep Silver,2016-05-31,19.99,19.99,0,20934,4593,25527,82.0,1000000,2000000,1500000,410,2016,5
224760,FEZ,Polytron Corporation,Trapdoor,2013-05-01,9.99,9.99,0,14425,1137,15562,92.7,1000000,2000000,1500000,37,2013,5
1178830,Bright Memory: Infinite,FYQD-Studio,"FYQD-Studio, PLAYISM",2021-11-11,9.99,19.99,50,35622,3089,38711,92.0,1000000,2000000,1500000,44,2021,11
2012510,Stormgate,Frost Giant Studios,Frost Giant Studios,2025-08-05,0.0,0.0,0,3728,3755,7483,49.8,1000000,2000000,1500000,36,2025,8
510840,Evolvation,"Eric Ruts, Jacob Kooiman",HyperReuts,2017-02-06,1.99,1.99,0,644,304,948,67.9,1000000,2000000,1500000,0,2017,2
297000,Heroes of Might & Magic III - HD Edition,Dotemu,Ubisoft Entertainment,2015-01-28,3.74,14.99,75,18085,4694,22779,79.4,1000000,2000000,1500000,1213,2015,1
1151640,Horizon Zero Dawn Complete Edition,Guerrilla,PlayStation Publishing LLC,2020-08-07,49.99,49.99,0,110049,15148,125197,87.9,1000000,2000000,1500000,700,2020,8
334230,Town of Salem,BlankMediaGames,Digital Bandidos,2014-12-15,4.99,4.99,0,32095,4314,36409,88.2,1000000,2000000,1500000,117,2014,12
418070,Turbo Pug,"Space Cat Studios, SnowFlame, Back To Basics Gaming",Back To Basics Gaming,2015-11-09,0.99,1.99,50,3029,316,3345,90.6,1000000,2000000,1500000,2,2015,11
364470,The Elder Scrolls: Legends,"Sparkypants Studios, LLC",Bethesda Softworks,2017-05-31,0.0,0.0,0,8267,2776,11043,74.9,1000000,2000000,1500000,1,2017,5
601430,The Evil Within 2,Tango Gameworks,Bethesda Softworks,2017-10-12,39.99,39.99,0,26655,2251,28906,92.2,1000000,2000000,1500000,176,2017,10
1190000,Car Mechanic Simulator 2021,Red Dot Games,PlayWay S.A.,2021-08-11,2.99,24.99,88,28630,1211,29841,95.9,1000000,2000000,1500000,1343,2021,8
39140,FINAL FANTASY VII,Square Enix,Square Enix,,11.99,11.99,0,25998,2013,28011,92.8,1000000,2000000,1500000,386,,
4700,Total War: MEDIEVAL II – Definitive Edition,"CREATIVE ASSEMBLY, Feral Interactive (Mac), Feral Interactive (Linux)","SEGA, Feral Interactive (Mac), Feral Interactive (Linux)",2006-11-15,19.99,19.99,0,31910,1434,33344,95.7,1000000,2000000,1500000,2814,2006,11
263500,Dragons and Titans,Wyrmbyte,Versus Evil,2014-03-12,0.0,0.0,0,2715,726,3441,78.9,1000000,2000000,1500000,1,2014,3
675010,MudRunner,Saber Interactive,Focus Entertainment,2017-10-30,19.99,19.99,0,34349,3347,37696,91.1,1000000,2000000,1500000,280,2017,10
220440,DmC: Devil May Cry,Ninja Theory,Capcom,2013-01-24,29.99,29.99,0,27949,2035,29984,93.2,1000000,2000000,1500000,107,2013,1
240320,Panzar,Panzar Studio,OVALIS INVESTMENTS LIMITED,2013-11-25,0.0,0.0,0,3397,1750,5147,66.0,1000000,2000000,1500000,6,2013,11
544730,Catan Universe,Client/Frontend: Endava  / Backend: SuperNimbus,USM,2017-04-25,0.0,0.0,0,7826,8234,16060,48.7,1000000,2000000,1500000,848,2017,4
337320,Paint the Town Red,South East Games,South East Games,2021-07-29,19.99,19.99,0,28358,1218,29576,95.9,1000000,2000000,1500000,296,2021,7
350640,Sherlock Holmes: The Devil's Daughter,Frogwares,Frogwares,2016-06-10,29.99,29.99,0,10985,2803,13788,79.7,1000000,2000000,1500000,21,2016,6
2231450,Pizza Tower,Tour De Pizza,Tour De Pizza,2023-01-26,19.99,19.99,0,65599,1094,66693,98.4,1000000,2000000,1500000,367,2023,1
552100,Brick Rigs,Fluppisoft GmbH,Fluppisoft GmbH,2023-07-14,19.99,19.99,0,47391,2731,50122,94.6,1000000,2000000,1500000,983,2023,7
1475810,Ghostwire: Tokyo,Tango Gameworks,Bethesda Softworks,2022-03-24,59.99,59.99,0,15393,3269,18662,82.5,1000000,2000000,1500000,97,2022,3
427270,Orcs Must Die! Unchained,Robot Entertainment,Robot Entertainment,2017-04-19,0.0,0.0,0,4205,1915,6120,68.7,1000000,2000000,1500000,2,2017,4
392160,X4: Foundations,Egosoft,Egosoft,2018-11-30,49.99,49.99,0,18951,4896,23847,79.5,1000000,2000000,1500000,2141,2018,11
346330,BrainBread 2,Reperio Studios,Reperio Studios,2022-03-09,0.0,0.0,0,3785,1382,5167,73.3,1000000,2000000,1500000,6,2022,3
3910,Sid Meier's Civilization III Complete,Firaxis Games,2K,2006-10-25,4.99,4.99,0,6485,746,7231,89.7,1000000,2000000,1500000,1383,2006,10
1380400,Saving Grace,Thomas JC Ironmonger,Ironmonger Games,2021-01-02,1.99,1.99,0,27,2,29,93.1,1000000,2000000,1500000,0,2021,1
805550,Assetto Corsa Competizione,Kunos Simulazioni,505 Games,2019-05-29,39.99,39.99,0,36035,2908,38943,92.5,1000000,2000000,1500000,1479,2019,5
41000,Serious Sam HD: The First Encounter,Croteam,Devolver Digital,2009-11-24,14.99,14.99,0,7652,539,8191,93.4,1000000,2000000,1500000,46,2009,11
1284190,The Planet Crafter,Miju Games,Miju Games,2024-04-10,23.99,23.99,0,52168,2148,54316,96.0,1000000,2000000,1500000,7330,2024,4
2064650,Tower of Fantasy,Hotta Studio,Perfect World Games,2022-10-19,0.0,0.0,0,7595,3375,10970,69.2,1000000,2000000,1500000,354,2022,10
56437,"Warhammer 40,000: Dawn of War II: Retribution","Relic Entertainment, Feral Interactive (Mac/Linux)","SEGA, Feral Interactive (Mac/Linux)",,0.0,0.0,0,11303,1207,12510,90.4,1000000,2000000,1500000,0,,
585420,Trailmakers,Flashbulb,Flashbulb,2019-09-18,7.49,24.99,70,25941,2106,28047,92.5,1000000,2000000,1500000,903,2019,9
1562430,DREDGE,Black Salt Games,Team17,2023-03-30,19.99,39.99,50,42127,1839,43966,95.8,1000000,2000000,1500000,517,2023,3
1987080,Inside the Backrooms,MrFatcat,"MrFatcat, Dropsiick",2022-06-20,6.99,6.99,0,36836,8196,45032,81.8,1000000,2000000,1500000,237,2022,6
666220,CS2D,Unreal Software,Unreal Software,2017-11-15,0.0,0.0,0,8950,987,9937,90.1,1000000,2000000,1500000,20,2017,11
529340,Victoria 3,Paradox Development Studio,Paradox Interactive,2022-10-25,49.99,49.99,0,35043,17575,52618,66.6,1000000,2000000,1500000,4609,2022,10
245620,Tropico 5,Haemimont Games,Kalypso Media Digital,2014-05-23,19.99,19.99,0,11092,3031,14123,78.5,1000000,2000000,1500000,97,2014,5
657200,Hand Simulator,HFM Games,HFM Games,2017-07-18,2.99,2.99,0,30653,5873,36526,83.9,1000000,2000000,1500000,20,2017,7
6850,Hitman 2: Silent Assassin,Io-Interactive A/S,Io-Interactive A/S,2007-03-15,8.99,8.99,0,3478,724,4202,82.8,1000000,2000000,1500000,19,2007,3
209160,Call of Duty: Ghosts,Infinity Ward,Activision,2014-03-25,39.99,39.99,0,19917,10996,30913,64.4,1000000,2000000,1500000,106,2014,3
1388770,Cruelty Squad,Consumer Softproducts,Consumer Softproducts,2021-06-15,19.99,19.99,0,20136,655,20791,96.8,1000000,2000000,1500000,50,2021,6
603850,Age of History II,Łukasz Jakowski,Łukasz Jakowski Games,2018-11-21,5.99,5.99,0,41684,4711,46395,89.8,1000000,2000000,1500000,513,2018,11
32430,STAR WARS - The Force Unleashed Ultimate Sith Edition,LucasArts,"LucasArts, Lucasfilm, Disney",2009-12-15,19.99,19.99,0,8334,2681,11015,75.7,1000000,2000000,1500000,197,2009,12
253900,Knights and Merchants,Topware Interactive,Topware Interactive,2013-10-14,9.99,9.99,0,3949,714,4663,84.7,1000000,2000000,1500000,47,2013,10
1113000,Persona 4 Golden,ATLUS,SEGA,2020-06-13,9.99,19.99,50,76008,2338,78346,97.0,1000000,2000000,1500000,962,2020,6
1016920,Unrailed!,Indoor Astronaut,Daedalic Entertainment,2020-09-23,19.99,19.99,0,17426,1243,18669,93.3,1000000,2000000,1500000,182,2020,9
955050,Bright Memory,FYQD-Studio,"FYQD-Studio, PLAYISM",2020-03-25,7.99,7.99,0,29613,3115,32728,90.5,1000000,2000000,1500000,5,2020,3
1929610,Demonologist,Clock Wizard Games,Clock Wizard Games,2023-09-25,19.99,19.99,0,18742,3006,21748,86.2,1000000,2000000,1500000,266,2023,9
2096610,Crysis 3 Remastered,"Crytek, Saber Interactive",Crytek,2022-11-17,29.99,29.99,0,5108,685,5793,88.2,1000000,2000000,1500000,59,2022,11
1850570,DEATH STRANDING DIRECTOR'S CUT,KOJIMA PRODUCTIONS, 505 Games,2022-03-30,9.99,39.99,75,36697,2819,39516,92.9,1000000,2000000,1500000,1604,2022,3
446800,Transport Fever,Urban Games,Good Shepherd Entertainment,2016-11-08,29.99,29.99,0,8934,1788,10722,83.3,1000000,2000000,1500000,91,2016,11
209170,Call of Duty: Ghosts,Infinity Ward,Activision,2014-03-25,39.99,39.99,0,15087,10789,25876,58.3,1000000,2000000,1500000,32,2014,3
250400,How to Survive,Eko Software,505 Games,2014-08-29,14.99,14.99,0,14071,2954,17025,82.6,1000000,2000000,1500000,10,2014,8
1296830,暖雪 Warm Snow,BadMudStudio,bilibili,2022-01-18,17.99,17.99,0,34444,2563,37007,93.1,1000000,2000000,1500000,516,2022,1
1211020,Wobbly Life,RubberBandGames,RubberBandGames,2025-09-18,16.24,24.99,35,26141,799,26940,97.0,1000000,2000000,1500000,625,2025,9
410320,EARTH DEFENSE FORCE 4.1 The Shadow of New Despair,SANDLOT,D3PUBLISHER,2016-07-18,19.99,19.99,0,9554,500,10054,95.0,1000000,2000000,1500000,71,2016,7
261110,Killer is Dead - Nightmare Edition,KADOKAWA GAMES / GRASSHOPPER MANUFACTURE,Deep Silver,2014-05-23,1.99,19.99,90,6296,2105,8401,74.9,1000000,2000000,1500000,9,2014,5
208580,STAR WARS Knights of the Old Republic II - The Sith Lords,"Obsidian Entertainment, Aspyr (Mac, Linux, & Windows Update)","LucasArts, Lucasfilm, Aspyr (Mac, Linux)",2012-08-23,9.99,9.99,0,22754,1556,24310,93.6,1000000,2000000,1500000,551,2012,8
775500,SCARLET NEXUS,BANDAI NAMCO Studios Inc.,BANDAI NAMCO Entertainment,2021-06-24,14.39,79.99,82,13888,3237,17125,81.1,1000000,2000000,1500000,58,2021,6
447820,Day of Infamy,New World Interactive,New World Interactive,2017-03-23,14.99,14.99,0,18172,3883,22055,82.4,1000000,2000000,1500000,17,2017,3
1599600,PlateUp!,It's happening,"Yogscast Games, Gamersky Games",2022-08-04,19.99,19.99,0,22204,1197,23401,94.9,1000000,2000000,1500000,832,2022,8
475550,Beholder,Alawar Stargaze (Warm Lamp Games),Alawar,2016-11-09,1.39,13.99,90,25444,2303,27747,91.7,1000000,2000000,1500000,138,2016,11
257510,The Talos Principle,Croteam,"Devolver Digital, Croteam",2014-12-11,29.99,29.99,0,30399,1462,31861,95.4,1000000,2000000,1500000,117,2014,12
474960,Quantum Break,Remedy Entertainment,Xbox Game Studios,2016-09-29,9.99,39.99,75,24117,4023,28140,85.7,1000000,2000000,1500000,46,2016,9
237110,Mortal Kombat Komplete Edition,"NetherRealm Studios, High Voltage Software",Warner Bros. Interactive Entertainment,,0.0,0.0,0,16939,1574,18513,91.5,1000000,2000000,1500000,37,,
444640,Bloons TD Battles,Ninja Kiwi,Ninja Kiwi,2016-04-20,0.0,0.0,0,26414,2682,29096,90.8,1000000,2000000,1500000,215,2016,4
843380,Super Animal Royale,Pixile,Pixile,2021-08-26,0.0,0.0,0,39667,2700,42367,93.6,1000000,2000000,1500000,364,2021,8
560130,Pillars of Eternity II: Deadfire,Obsidian Entertainment,"Versus Evil, Obsidian Entertainment, Xbox Game Studios",2018-05-08,19.99,19.99,0,16666,2265,18931,88.0,1000000,2000000,1500000,233,2018,5
4760,Rome: Total War - Collection,CREATIVE ASSEMBLY,SEGA,2007-08-28,0.0,0.0,0,15304,873,16177,94.6,1000000,2000000,1500000,552,2007,8
568220,Lobotomy Corporation | Monster Management Simulation,ProjectMoon,ProjectMoon,2018-04-09,24.99,24.99,0,41213,2719,43932,93.8,1000000,2000000,1500000,1524,2018,4
257350,Baldur's Gate II: Enhanced Edition,Beamdog,Beamdog,2013-11-15,19.99,19.99,0,9243,797,10040,92.1,1000000,2000000,1500000,279,2013,11
202750,Alan Wake's American Nightmare,Remedy Entertainment,Remedy Entertainment,2012-05-22,8.99,8.99,0,6527,2433,8960,72.8,1000000,2000000,1500000,21,2012,5
34870,Sniper: Ghost Warrior 2,City Interactive,CI Games,2013-03-11,9.99,9.99,0,13533,4383,17916,75.5,1000000,2000000,1500000,25,2013,3
1676130,Deadlink,Gruby Entertainment,SuperGG.com,2023-07-27,24.99,24.99,0,3050,349,3399,89.7,1000000,2000000,1500000,11,2023,7
224540,Ace of Spades: Battle Builder,Jagex Limited,Jagex Limited,,0.0,0.0,0,11922,6346,18268,65.3,1000000,2000000,1500000,0,,
699130,World War Z,Saber Interactive Inc,Saber Interactive Inc,2021-09-21,29.99,29.99,0,21657,4401,26058,83.1,1000000,2000000,1500000,1663,2021,9
816020,JUMP FORCE,"Spike Chunsoft Co., Ltd.",BANDAI NAMCO Entertainment,2019-02-14,0.0,0.0,0,16682,6019,22701,73.5,1000000,2000000,1500000,12,2019,2
462780,Darksiders Warmastered Edition,"KAIKO, Vigil Games",THQ Nordic,2016-11-29,2.99,19.99,85,13991,1943,15934,87.8,1000000,2000000,1500000,87,2016,11
681660,Bless Online,NEOWIZ BLESS STUDIO,NEOWIZ,2018-10-23,0.0,0.0,0,3683,6185,9868,37.3,1000000,2000000,1500000,0,2018,10
34460,Civilization IV: Beyond the Sword,Firaxis Games,2K,2007-07-24,9.99,9.99,0,1516,75,1591,95.3,1000000,2000000,1500000,5,2007,7
448510,Overcooked,Ghost Town Games Ltd.,Team17 Digital Ltd,2016-08-03,16.99,16.99,0,13706,1469,15175,90.3,1000000,2000000,1500000,61,2016,8
1307550,Craftopia,Pocketpair,Pocketpair,2020-09-04,24.99,24.99,0,15406,4977,20383,75.6,1000000,2000000,1500000,119,2020,9
1129580,Medieval Dynasty,Render Cube,Toplitz Productions,2021-09-23,34.99,34.99,0,40992,4174,45166,90.8,1000000,2000000,1500000,1366,2021,9
460920,Steep,"Ubisoft Annecy, Ubisoft Montpellier, Ubisoft Kiev",Ubisoft,2016-12-02,1.49,29.99,95,25437,5447,30884,82.4,1000000,2000000,1500000,128,2016,12
55110,Red Faction: Armageddon,Volition,Deep Silver ,2011-06-06,1.99,19.99,90,3537,1314,4851,72.9,1000000,2000000,1500000,6,2011,6
278080,DYNASTY WARRIORS 8: Xtreme Legends Complete Edition,"KOEI TECMO GAMES CO., LTD.","KOEI TECMO GAMES CO., LTD.",2014-05-13,49.99,49.99,0,11342,2155,13497,84.0,1000000,2000000,1500000,242,2014,5
996580,Spyro Reignited Trilogy,"Toys for Bob, Iron Galaxy Studios",Activision,2019-09-03,39.99,39.99,0,19266,1240,20506,94.0,1000000,2000000,1500000,351,2019,9
231060,Ragnarok Online 2,"Gravity, Inc.",Gravity Interactive,2013-05-01,0.0,0.0,0,1848,1336,3184,58.0,1000000,2000000,1500000,5,2013,5
108800,Crysis 2 - Maximum Edition,Crytek Studios,Electronic Arts,2011-03-22,29.99,29.99,0,11621,2008,13629,85.3,1000000,2000000,1500000,27,2011,3
673950,Farm Together,Milkstone Studios,Milkstone Studios,2018-10-11,19.99,19.99,0,20462,1266,21728,94.2,1000000,2000000,1500000,311,2018,10
1094520,Sands of Salzaar,汉家松鼠Han-Squirrel Studio,XD,2021-12-15,14.99,14.99,0,18556,4085,22641,82.0,1000000,2000000,1500000,90,2021,12
747660,Five Nights at Freddy's: Security Breach,Steel Wool Studios,ScottGames,2021-12-16,39.99,39.99,0,56080,8779,64859,86.5,1000000,2000000,1500000,196,2021,12
6910,Deus Ex: Game of the Year Edition,Ion Storm,Eidos Interactive Corp.,2007-03-29,0.9,6.99,87,13801,751,14552,94.8,1000000,2000000,1500000,48,2007,3
239350,Spelunky,Mossmouth,Mossmouth,2013-08-08,14.99,14.99,0,15005,1288,16293,92.1,1000000,2000000,1500000,60,2013,8
215280,Secret World Legends,Funcom,Funcom,2017-07-31,0.0,0.0,0,6104,2956,9060,67.4,1000000,2000000,1500000,34,2017,7
360430,Mafia III: Definitive Edition,"Hangar 13, Aspyr (Mac)","2K, Aspyr (Mac)",2020-05-19,29.99,29.99,0,32366,24142,56508,57.3,1000000,2000000,1500000,869,2020,5
673130,AMID EVIL,Indefatigable,New Blood Interactive,2019-06-20,7.99,19.99,60,6709,448,7157,93.7,1000000,2000000,1500000,9,2019,6
377300,Thunder Tier One,"KRAFTON, Inc.","KRAFTON, Inc.",2021-12-07,0.0,0.0,0,3162,1573,4735,66.8,1000000,2000000,1500000,102,2021,12
2552430,KINGDOM HEARTS -HD 1.5+2.5 ReMIX-,Square Enix,Square Enix,2024-06-13,14.99,49.99,70,6361,1241,7602,83.7,1000000,2000000,1500000,886,2024,6
323850,Move or Die,"Xelu, Those Awesome Guys",Those Awesome Guys,2016-01-21,3.74,14.99,75,20818,2415,23233,89.6,1000000,2000000,1500000,21,2016,1
1030840,Mafia: Definitive Edition,Hangar 13,2K,2020-09-24,39.99,39.99,0,79686,12107,91793,86.8,1000000,2000000,1500000,686,2020,9
823500,BONEWORKS,Stress Level Zero,Stress Level Zero,2019-12-10,29.99,29.99,0,32917,2762,35679,92.3,1000000,2000000,1500000,38,2019,12
841370,NBA 2K19,Visual Concepts,2K,2018-09-10,0.0,0.0,0,8866,13826,22692,39.1,1000000,2000000,1500000,129,2018,9
204340,Serious Sam II,Croteam,Devolver Digital,2012-01-31,9.99,9.99,0,11356,1312,12668,89.6,1000000,2000000,1500000,61,2012,1
794260,Outward Definitive Edition,Nine Dots Studio,"Prime Matter, Deep Silver",2022-05-17,39.99,39.99,0,20738,7717,28455,72.9,1000000,2000000,1500000,469,2022,5
2680010,The First Berserker: Khazan,Neople,NEXON,2025-03-27,59.99,59.99,0,15733,1816,17549,89.7,1000000,2000000,1500000,1253,2025,3
299460,Woodle Tree Adventures,Fabio Ferrara,Chubby Pixel,2016-03-02,0.75,3.99,81,3717,1800,5517,67.4,1000000,2000000,1500000,3,2016,3
1755910,Capcom Arcade 2nd Stadium,"CAPCOM Co., Ltd.","CAPCOM Co., Ltd.",2022-07-21,59.99,59.99,0,665,312,977,68.1,1000000,2000000,1500000,42,2022,7
1266680,Strobophagia | Rave Horror,Green Tile Digital,"Green Tile Digital, THQ Nordic",2020-10-28,19.99,19.99,0,75,16,91,82.4,1000000,2000000,1500000,0,2020,10
265550,Dead Rising 3 Apocalypse Edition,Capcom Game Studio Vancouver,Capcom,2014-09-05,29.99,29.99,0,14615,4459,19074,76.6,1000000,2000000,1500000,136,2014,9
246900,Viscera Cleanup Detail,RuneStorm,RuneStorm,2015-10-23,12.99,12.99,0,20651,1639,22290,92.6,1000000,2000000,1500000,140,2015,10
253960,Jack Orlando: Director's Cut,Toontraxx Studios,Topware Interactive,2013-10-04,6.99,6.99,0,445,202,647,68.8,1000000,2000000,1500000,33,2013,10
450390,The Lab,Valve,Valve,2016-04-05,0.0,0.0,0,6066,323,6389,94.9,1000000,2000000,1500000,18,2016,4
920210,LEGO Star Wars: The Skywalker Saga,TT Games,"Warner Bros. Games, Warner Bros. Interactive Entertainment",2022-04-05,49.99,49.99,0,40865,4173,45038,90.7,1000000,2000000,1500000,719,2022,4
17480,Command & Conquer: Red Alert 3,EA Los Angeles,Electronic Arts,2009-01-08,19.88,19.88,0,12792,2220,15012,85.2,1000000,2000000,1500000,362,2009,1
249130,LEGO Marvel Super Heroes,Traveller's Tales,Warner Bros. Interactive Entertainment,2013-10-22,19.99,19.99,0,24959,1218,26177,95.3,1000000,2000000,1500000,298,2013,10
1017180,The Long Drive,Genesz,Genesz,2019-09-25,15.99,15.99,0,42761,4666,47427,90.2,1000000,2000000,1500000,377,2019,9
26800,Braid,Number None,Number None,2009-04-10,14.99,14.99,0,9121,640,9761,93.4,1000000,2000000,1500000,5,2009,4
640590,The LEGO NINJAGO Movie Video Game,"Traveller's Tales, TT Games",Warner Bros. Interactive Entertainment,2017-09-22,19.99,19.99,0,6151,1028,7179,85.7,1000000,2000000,1500000,28,2017,9
1515210,The Past Within,Rusty Lake,Rusty Lake,2022-11-02,5.99,5.99,0,14362,794,15156,94.8,1000000,2000000,1500000,51,2022,11
1147550,Not For Broadcast,NotGames,tinyBuild,2022-01-25,24.99,24.99,0,10897,687,11584,94.1,1000000,2000000,1500000,33,2022,1
434650,Lost Castle / 失落城堡,Hunter Studio,Neon Doctrine,2016-08-31,9.99,9.99,0,20442,3082,23524,86.9,1000000,2000000,1500000,114,2016,8
1774580,STAR WARS Jedi: Survivor,Respawn,Electronic Arts,2023-04-27,69.99,69.99,0,46131,20923,67054,68.8,1000000,2000000,1500000,2353,2023,4
431730,Aseprite,Igara Studio,Igara Studio,2016-02-22,19.99,19.99,0,21620,198,21818,99.1,1000000,2000000,1500000,4541,2016,2
780310,The Riftbreaker,EXOR Studios,"EXOR Studios, Surefire.Games",2021-10-14,29.99,29.99,0,16245,1760,18005,90.2,1000000,2000000,1500000,231,2021,10
261030,The Walking Dead: Season Two,Telltale Games,Skybound Games,2013-12-17,14.99,14.99,0,30526,1113,31639,96.5,1000000,2000000,1500000,199,2013,12
1328670,Mass Effect Legendary Edition,BioWare,Electronic Arts,2021-05-14,59.99,59.99,0,51295,5033,56328,91.1,1000000,2000000,1500000,2420,2021,5
226840,Age of Wonders III,Triumph Studios,Paradox Interactive,2014-03-31,29.99,29.99,0,10093,2485,12578,80.2,1000000,2000000,1500000,163,2014,3
374040,Portal Knights,Keen Games GmbH,505 Games,2017-05-18,19.99,19.99,0,18093,3593,21686,83.4,1000000,2000000,1500000,76,2017,5
668580,Atomic Heart,Mundfish,"Focus Entertainment, 4Divinity, Mundfish",2023-02-20,59.99,59.99,0,31167,6828,37995,82.0,1000000,2000000,1500000,466,2023,2
1044720,Farthest Frontier,Crate Entertainment,Crate Entertainment,2025-10-23,34.99,34.99,0,16780,2724,19504,86.0,1000000,2000000,1500000,995,2025,10
544750,SOULCALIBUR VI,"BANDAI NAMCO Studios Inc., Dimps Corporation",BANDAI NAMCO Entertainment,2018-10-18,14.39,89.99,84,11147,2394,13541,82.3,1000000,2000000,1500000,119,2018,10
972660,Spiritfarer: Farewell Edition,Thunder Lotus,Thunder Lotus,2020-08-18,29.99,29.99,0,44192,2225,46417,95.2,1000000,2000000,1500000,702,2020,8
1150690,OMORI,"OMOCAT, LLC","OMOCAT, LLC",2020-12-25,19.99,19.99,0,78023,2214,80237,97.2,1000000,2000000,1500000,506,2020,12
9450,"Warhammer 40,000: Dawn of War - Soulstorm",Relic Entertainment,SEGA,2008-03-05,0.0,0.0,0,16764,847,17611,95.2,1000000,2000000,1500000,673,2008,3
490220,Prismata,Lunarch Studios,Lunarch Studios,2018-03-08,0.0,0.0,0,970,217,1187,81.7,1000000,2000000,1500000,6,2018,3
1301720,Escape Room - Der kranke Kollege,Bitbeast Games,Bitbeast Games,2020-09-05,0.0,0.0,0,9872,2233,12105,81.6,1000000,2000000,1500000,63,2020,9
921060,Modern Combat 5,Gameloft,Gameloft,2018-10-24,0.0,0.0,0,3130,2595,5725,54.7,1000000,2000000,1500000,1,2018,10
70000,Dino D-Day,800 North and Digital Ranch,800 North and Digital Ranch,2011-04-08,9.99,9.99,0,12659,2391,15050,84.1,1000000,2000000,1500000,3,2011,4
274520,Darkwood,Acid Wizard Studio,"Hooded Horse, Acid Wizard Studio",2017-08-17,19.99,19.99,0,20529,1089,21618,95.0,1000000,2000000,1500000,86,2017,8
239200,Amnesia: A Machine for Pigs,The Chinese Room,Frictional Games,2013-09-10,19.99,19.99,0,7886,3457,11343,69.5,1000000,2000000,1500000,10,2013,9
257420,Serious Sam 4,Croteam,Devolver Digital,2020-09-24,39.99,39.99,0,13456,2672,16128,83.4,1000000,2000000,1500000,145,2020,9
1335200,Action Taimanin,LiLith,Infini-Brain inc.,2020-10-05,0.0,0.0,0,15495,3149,18644,83.1,1000000,2000000,1500000,993,2020,10
1888930,The Last of Us Part I,"Naughty Dog LLC, Iron Galaxy Studios",PlayStation Publishing LLC,2023-03-28,29.99,59.99,50,63713,16142,79855,79.8,1000000,2000000,1500000,4144,2023,3
34450,Civilization IV: Warlords,Firaxis Games,2K,2007-04-06,4.99,4.99,0,131,23,154,85.1,1000000,2000000,1500000,0,2007,4
654880,Dream Daddy: A Dad Dating Simulator,Game Grumps,Game Grumps,2017-07-20,14.99,14.99,0,5578,509,6087,91.6,1000000,2000000,1500000,21,2017,7
625960,Stoneshard,Ink Stains Games,HypeTrain Digital,2020-02-06,24.99,24.99,0,22298,7764,30062,74.2,1000000,2000000,1500000,744,2020,2
1509960,PICO PARK,TECOPARK,TECOPARK,2021-05-07,4.99,4.99,0,25879,2620,28499,90.8,1000000,2000000,1500000,124,2021,5
1544020,The Callisto Protocol,Striking Distance Studios,"KRAFTON, Inc.",2022-12-01,59.99,59.99,0,25601,13829,39430,64.9,1000000,2000000,1500000,46,2022,12
2206460,Furry Killer,Sujiko,GigantGame-A,2022-11-19,7.49,29.99,75,17,4,21,81.0,1000000,2000000,1500000,2,2022,11
1447430,小黑盒加速器,Qing Feng Beijing Technology,Qing Feng Beijing Technology,2021-05-24,0.0,0.0,0,7088,1800,8888,79.7,1000000,2000000,1500000,3328,2021,5
7760,X-COM: UFO Defense,"MicroProse Software, Inc",2K,2008-09-04,4.99,4.99,0,3602,197,3799,94.8,1000000,2000000,1500000,49,2008,9
515690,Warriors of Vilvatikta,RPG Video,Back To Basics Gaming,2016-08-26,0.99,1.99,50,92,80,172,53.5,1000000,2000000,1500000,0,2016,8
104900,ORION: Prelude,DANKIE,DANKIE,2013-04-16,0.99,0.99,0,21458,7027,28485,75.3,1000000,2000000,1500000,3,2013,4
339280,Strife,S2 Games,S2 Games,2015-05-22,0.0,0.0,0,3730,1142,4872,76.6,1000000,2000000,1500000,5,2015,5
262280,Dungeons 2,Realmforge Studios,Kalypso Media Digital,2015-04-24,19.99,19.99,0,4235,939,5174,81.9,1000000,2000000,1500000,13,2015,4
1201240,BLEACH Brave Souls,KLab Inc.,KLab Inc.,2020-08-17,0.0,0.0,0,10533,1351,11884,88.6,1000000,2000000,1500000,1349,2020,8
1686940,Bopl Battle,Johan Grönvall,Zapray Games,2023-11-16,9.99,9.99,0,18609,516,19125,97.3,1000000,2000000,1500000,480,2023,11
859570,Secret Neighbor: Hello Neighbor Multiplayer,"Hologryph, Eerie Guest Studios",tinyBuild,2019-10-24,19.99,19.99,0,15991,2508,18499,86.4,1000000,2000000,1500000,91,2019,10
1846380,Need for Speed Unbound,Criterion Games,Electronic Arts,2022-12-01,9.79,69.99,86,29906,19702,49608,60.3,1000000,2000000,1500000,618,2022,12
313120,Stranded Deep,Beam Team Games,Beam Team Publishing,2022-08-10,19.99,19.99,0,34118,11710,45828,74.4,1000000,2000000,1500000,256,2022,8
1435790,Escape Simulator,Pine Studio,Pine Studio,2021-10-19,9.99,19.99,50,16281,1027,17308,94.1,1000000,2000000,1500000,674,2021,10
1062090,Timberborn,Mechanistry,Mechanistry,2026-03-12,34.99,34.99,0,30266,1412,31678,95.5,1000000,2000000,1500000,3884,2026,3
21100,F.E.A.R. 3,Day 1 Studios,Warner Bros. Interactive Entertainment,2011-06-21,19.99,19.99,0,9070,3688,12758,71.1,1000000,2000000,1500000,36,2011,6
1259970,eFootball PES 2021 SEASON UPDATE,Konami Digital Entertainment,Konami Digital Entertainment,2020-09-15,0.0,0.0,0,29393,8549,37942,77.5,1000000,2000000,1500000,989,2020,9
2096600,Crysis 2 Remastered,"Crytek, Saber Interactive",Crytek,2022-11-17,29.99,29.99,0,6022,731,6753,89.2,1000000,2000000,1500000,79,2022,11
400040,ShareX,ShareX Team,ShareX Team,2015-10-02,0.0,0.0,0,7196,328,7524,95.6,1000000,2000000,1500000,2777,2015,10
512900,Streets of Rogue,Matt Dabrowski,tinyBuild,2019-07-12,19.99,19.99,0,21076,857,21933,96.1,1000000,2000000,1500000,317,2019,7
383080,Sakura Clicker,Winged Cloud,Winged Cloud,2015-07-29,0.0,0.0,0,12127,2429,14556,83.3,1000000,2000000,1500000,58,2015,7
573090,Stormworks: Build and Rescue,Geometa,Geometa,2020-09-17,24.99,24.99,0,47662,5280,52942,90.0,1000000,2000000,1500000,1488,2020,9
20510,S.T.A.L.K.E.R.: Clear Sky,GSC Game World,GSC World Publishing,2008-09-15,19.99,19.99,0,18987,3267,22254,85.3,1000000,2000000,1500000,107,2008,9
1268750,Starship Troopers: Extermination,Offworld,Offworld,2024-10-10,29.99,29.99,0,25027,5995,31022,80.7,1000000,2000000,1500000,283,2024,10
774861,Project Winter,Other Ocean Interactive,Other Ocean Group,2019-05-23,9.99,9.99,0,15638,3261,18899,82.7,1000000,2000000,1500000,16,2019,5
1169040,Necesse,Fair Games ApS,Fair Games ApS,2025-10-16,9.74,14.99,35,15988,1083,17071,93.7,1000000,2000000,1500000,507,2025,10
1501750,Lords of the Fallen,CI Games,CI Games,2023-10-13,9.89,29.99,67,27969,14164,42133,66.4,1000000,2000000,1500000,827,2023,10
969990,SpongeBob SquarePants: Battle for Bikini Bottom - Rehydrated,Purple Lamp,THQ Nordic,2020-06-23,7.49,29.99,75,15692,989,16681,94.1,1000000,2000000,1500000,52,2020,6
516750,My Summer Car,Amistech Games,Amistech Games,2025-01-08,14.99,14.99,0,86445,4949,91394,94.6,1000000,2000000,1500000,1044,2025,1
210970,The Witness,"Thekla, Inc.","Thekla, Inc.",2016-01-26,39.99,39.99,0,16069,2868,18937,84.9,1000000,2000000,1500000,103,2016,1
361280,Turmoil,Gamious,Gamious,2016-06-02,12.99,12.99,0,13816,1037,14853,93.0,1000000,2000000,1500000,767,2016,6
457330,High Octane Drift,Cruderocks,Cruderocks,2016-10-14,0.0,0.0,0,3265,2684,5949,54.9,1000000,2000000,1500000,4,2016,10
715210,The Pillage,Bishop Armstrong,Bishop Armstrong,2018-05-31,2.99,2.99,0,49,7,56,87.5,1000000,2000000,1500000,0,2018,5
311240,Zero Escape: Zero Time Dilemma,"Spike Chunsoft Co., Ltd.","Spike Chunsoft Co., Ltd.",2016-06-29,19.99,19.99,0,3598,749,4347,82.8,1000000,2000000,1500000,21,2016,6
4580,"Warhammer 40,000: Dawn of War - Dark Crusade",Relic Entertainment,SEGA,2007-08-07,0.0,0.0,0,8658,318,8976,96.5,1000000,2000000,1500000,236,2007,8
584400,Sonic Mania,"Christian Whitehead, Headcannon, PagodaWest Games",SEGA,2017-08-29,19.99,19.99,0,24500,1631,26131,93.8,1000000,2000000,1500000,78,2017,8
860510,Little Nightmares II,Tarsier Studios,BANDAI NAMCO Entertainment,2021-02-10,29.99,29.99,0,40494,2548,43042,94.1,1000000,2000000,1500000,229,2021,2
2400,The Ship: Murder Party,Outerlight Ltd.,Blazing Griffin,2006-07-11,9.99,9.99,0,5108,842,5950,85.8,1000000,2000000,1500000,3,2006,7
423230,Furi,The Game Bakers,The Game Bakers,2016-07-05,19.99,19.99,0,11103,1101,12204,91.0,1000000,2000000,1500000,15,2016,7
682990,Drug Dealer Simulator,Byterunners,Movie Games S.A.,2020-04-16,19.99,19.99,0,18054,6004,24058,75.0,1000000,2000000,1500000,89,2020,4
356670,Spooky's Jump Scare Mansion,Lag Studios,Lag Studios,2015-07-28,0.0,0.0,0,13926,1072,14998,92.9,1000000,2000000,1500000,8,2015,7
13230,Unreal Tournament 2004: Editor's Choice Edition,"Epic Games, Inc.","Epic Games, Inc.",2008-03-17,0.0,0.0,0,3934,142,4076,96.5,1000000,2000000,1500000,39,2008,3
977400,Cell to Singularity - Evolution Never Ends,Computer Lunch,Computer Lunch,2021-11-03,0.0,0.0,0,21284,2406,23690,89.8,1000000,2000000,1500000,3036,2021,11
295110,Just Survive,Daybreak Game Company,Daybreak Game Company,2015-01-15,0.0,0.0,0,45716,31640,77356,59.1,1000000,2000000,1500000,1,2015,1
31280,Poker Night at the Inventory,Telltale Games,Soldak Entertainment,2010-11-22,0.0,0.0,0,8477,969,9446,89.7,1000000,2000000,1500000,13,2010,11
1940340,Darkest Dungeon II,Red Hook Studios,Red Hook Studios,2023-05-08,39.99,39.99,0,16355,5184,21539,75.9,1000000,2000000,1500000,1054,2023,5
1262540,Need for Speed,Ghost Games,Electronic Arts,2020-06-04,7.49,29.99,75,16504,7099,23603,69.9,1000000,2000000,1500000,125,2020,6
38410,Fallout 2: A Post Nuclear Role Playing Game,Black Isle Studios,Bethesda Softworks,2009-08-19,9.99,9.99,0,14550,884,15434,94.3,1000000,2000000,1500000,129,2009,8
12810,Overlord II,Triumph Studios,"Codemasters, Electronic Arts",2009-06-23,9.99,9.99,0,4139,505,4644,89.1,1000000,2000000,1500000,19,2009,6
418530,Spelunky 2,"Mossmouth, BlitWorks",Mossmouth,2020-09-29,19.99,19.99,0,19062,1423,20485,93.1,1000000,2000000,1500000,313,2020,9
9420,Supreme Commander: Forged Alliance,Gas Powered Games,Square Enix,2011-09-28,12.99,12.99,0,13042,426,13468,96.8,1000000,2000000,1500000,691,2011,9
3830,Psychonauts,Double Fine Productions,Double Fine Productions,2006-10-11,9.99,9.99,0,17040,885,17925,95.1,1000000,2000000,1500000,56,2006,10
212740,TERA - Action MMORPG,"Bluehole, Inc.",Gameforge 4D GmbH,2017-01-31,0.0,0.0,0,6071,1678,7749,78.3,1000000,2000000,1500000,1,2017,1
992300,嗜血印 Bloody Spell,艺龙游戏,艺龙游戏,2022-01-26,24.99,24.99,0,31311,3806,35117,89.2,1000000,2000000,1500000,62,2022,1
217200,Worms Armageddon,Team17 Digital Ltd,Team17 Digital Ltd,2013-03-19,14.99,14.99,0,9524,583,10107,94.2,1000000,2000000,1500000,136,2013,3
16900,GROUND BRANCH,"BlackFoot Studios, MicroProse Software",MicroProse Software,2026-07-16,29.99,29.99,0,19351,2325,21676,89.3,1000000,2000000,1500000,349,2026,7
304650,SUNLESS SEA,Failbetter Games,Failbetter Games,2015-02-06,18.99,18.99,0,7715,1573,9288,83.1,1000000,2000000,1500000,45,2015,2
233270,Far Cry 3 - Blood Dragon,Ubisoft Montreal,Ubisoft,2013-05-01,3.74,14.99,75,15566,2168,17734,87.8,1000000,2000000,1500000,20,2013,5
13210,Unreal Tournament 3 Black,"Epic Games, Inc.","Epic Games, Inc.",2009-03-05,0.0,0.0,0,3566,489,4055,87.9,1000000,2000000,1500000,19,2009,3
448470,Bacteria,Sometimes You,Sometimes You,2016-03-23,0.99,0.99,0,232,175,407,57.0,1000000,2000000,1500000,0,2016,3
20,Team Fortress Classic,Valve,Valve,1999-04-01,4.99,4.99,0,7602,1136,8738,87.0,1000000,2000000,1500000,66,1999,4
9200,RAGE,id Software,Bethesda Softworks,2011-10-03,9.99,9.99,0,13646,3915,17561,77.7,1000000,2000000,1500000,34,2011,10
3117820,Sultan's Game,Double Cross,2P Games,2025-03-30,24.99,24.99,0,20637,1233,21870,94.4,1000000,2000000,1500000,7726,2025,3
383980,Rivals of Aether,Aether Studios,Aether Studios,2017-03-28,14.99,29.99,50,34357,1469,35826,95.9,1000000,2000000,1500000,285,2017,3
288470,Fable Anniversary,Lionhead Studios,Xbox Game Studios,2014-09-12,34.99,34.99,0,12507,2088,14595,85.7,1000000,2000000,1500000,115,2014,9
368370,Her Story,Sam Barlow,Sam Barlow,2015-06-24,9.99,9.99,0,8718,1014,9732,89.6,1000000,2000000,1500000,11,2015,6
226700,Infestation: Survivor Stories 2020,Fredaikis AB,OP Productions LLC,,0.0,0.0,0,10644,14774,25418,41.9,1000000,2000000,1500000,30,,
394310,Punch Club,Lazy Bear Games,tinyBuild,2016-01-08,9.99,9.99,0,11986,2883,14869,80.6,1000000,2000000,1500000,55,2016,1
505460,Foxhole,Siege Camp,Siege Camp,2022-09-28,29.99,29.99,0,36855,7213,44068,83.6,1000000,2000000,1500000,2821,2022,9
250320,The Wolf Among Us,Telltale,Telltale,2013-10-11,12.74,14.99,15,34914,764,35678,97.9,1000000,2000000,1500000,116,2013,10
481510,Night in the Woods,Infinite Fall,Finji,2017-02-21,19.99,19.99,0,17649,1092,18741,94.2,1000000,2000000,1500000,53,2017,2
302670,Call to Arms,Digitalmindsoft,Digitalmindsoft,2018-04-27,14.99,14.99,0,18474,4759,23233,79.5,1000000,2000000,1500000,117,2018,4
311560,Assassin’s Creed Rogue,"Ubisoft Sofia, Ubisoft Kiev",Ubisoft,2015-03-09,3.99,19.99,80,15451,2611,18062,85.5,1000000,2000000,1500000,155,2015,3
736190,Chinese Parents,墨鱼玩游戏,墨鱼玩游戏,2018-09-28,9.99,9.99,0,23459,2192,25651,91.5,1000000,2000000,1500000,287,2018,9
243970,"Invisible, Inc.",Klei Entertainment,Klei Entertainment,2015-05-12,19.99,19.99,0,5126,481,5607,91.4,1000000,2000000,1500000,19,2015,5
230290,Universe Sandbox,Giant Army,Giant Army,2015-08-24,29.99,29.99,0,26456,992,27448,96.4,1000000,2000000,1500000,357,2015,8
2338770,NBA 2K24,Visual Concepts,2K,2023-09-07,59.99,59.99,0,13567,29895,43462,31.2,1000000,2000000,1500000,2932,2023,9
614570,Dishonored: Death of the Outsider,Arkane Studios,Bethesda Softworks,2017-09-14,29.99,29.99,0,10794,1509,12303,87.7,1000000,2000000,1500000,45,2017,9
655500,MX Bikes,PiBoSo,PiBoSo,2019-10-07,34.99,34.99,0,26514,1602,28116,94.3,1000000,2000000,1500000,3605,2019,10
496300,Kingdom: New Lands,Noio,Raw Fury,2016-08-09,14.99,14.99,0,10095,1646,11741,86.0,1000000,2000000,1500000,63,2016,8
57900,Duke Nukem Forever,Gearbox Software,2K,2011-06-13,4.99,19.99,75,7586,3406,10992,69.0,1000000,2000000,1500000,24,2011,6
333420,Cossacks 3,GSC Game World,GSC Game World,2016-09-20,19.99,19.99,0,12060,2690,14750,81.8,1000000,2000000,1500000,446,2016,9
2456740,inZOI,inZOI Studio,"KRAFTON, Inc.",2025-03-27,31.99,39.99,20,16548,4311,20859,79.3,1000000,2000000,1500000,1039,2025,3
1291340,Townscaper,Oskar Stålberg,Raw Fury,2021-08-26,5.99,5.99,0,20101,927,21028,95.6,1000000,2000000,1500000,33,2021,8
21110,F.E.A.R.,"Monolith Productions, Inc., Timegate","Warner Bros. Games, Warner Bros. Interactive Entertainment",2010-05-21,9.99,9.99,0,0,0,0,,1000000,2000000,1500000,13,2010,5
21120,F.E.A.R.,"Monolith Productions, Inc., Timegate","Warner Bros. Games, Warner Bros. Interactive Entertainment",2010-05-21,9.99,9.99,0,0,0,0,,1000000,2000000,1500000,10,2010,5
242700,Injustice: Gods Among Us Ultimate Edition,"NetherRealm Studios, High Voltage Software",Warner Bros. Interactive Entertainment,2013-11-12,19.99,19.99,0,16534,2651,19185,86.2,1000000,2000000,1500000,69,2013,11
450540,"Hot Dogs, Horseshoes & Hand Grenades",RUST LTD.,RUST LTD.,2026-07-04,19.99,19.99,0,21452,652,22104,97.1,1000000,2000000,1500000,218,2026,7
249050,Dungeon of the ENDLESS,AMPLITUDE Studios,AMPLITUDE Studios,2014-10-27,2.99,11.99,75,11749,1985,13734,85.5,1000000,2000000,1500000,61,2014,10
258970,Gauntlet Slayer Edition,Arrowhead Game Studios,WB Games,2014-09-23,19.99,19.99,0,8079,1808,9887,81.7,1000000,2000000,1500000,37,2014,9
429660,Tales of Berseria,BANDAI NAMCO Studios Inc.,BANDAI NAMCO Entertainment,2017-01-26,49.99,49.99,0,16835,1573,18408,91.5,1000000,2000000,1500000,74,2017,1
201870,Assassin's Creed Revelations,Ubisoft Montreal,Ubisoft,2011-11-29,5.99,19.99,70,15282,2765,18047,84.7,1000000,2000000,1500000,104,2011,11
1809540,Nine Sols,RedCandleGames,RedCandleGames,2024-05-28,29.99,29.99,0,27488,1408,28896,95.1,1000000,2000000,1500000,625,2024,5
304030,ArcheAge,XLGAMES,Kakao Games Europe B.V.,2015-03-26,0.0,0.0,0,3833,3545,7378,52.0,1000000,2000000,1500000,2,2015,3
617830,SUPERHOT VR,SUPERHOT Team,SUPERHOT Team,2017-05-25,9.99,24.99,60,7652,2597,10249,74.7,1000000,2000000,1500000,30,2017,5
1462040,FINAL FANTASY VII REMAKE INTERGRADE,Square Enix,Square Enix,2022-06-17,9.99,39.99,75,33079,4228,37307,88.7,1000000,2000000,1500000,761,2022,6
729040,Borderlands Game of the Year Enhanced,"Gearbox Software, Blind Squirrel Games",2K,2023-08-31,5.99,29.99,80,20262,4221,24483,82.8,1000000,2000000,1500000,620,2023,8
1672970,Minecraft Dungeons,"Mojang Studios, ‪Double Eleven",Xbox Game Studios,2021-09-22,19.99,19.99,0,12725,1227,13952,91.2,1000000,2000000,1500000,260,2021,9
747610,Zula Global,Madbyte Games,Madbyte Games,2018-01-12,0.0,0.0,0,5310,2285,7595,69.9,1000000,2000000,1500000,170,2018,1
1022450,War Selection,Glyph Worlds,Glyph Worlds,2019-10-08,0.0,0.0,0,18745,3109,21854,85.8,1000000,2000000,1500000,507,2019,10
400250,Heaven Island - VR MMO,"Fabio Ferrara, Giulia Airoldi",Chubby Pixel,2015-12-23,1.99,1.99,0,1487,883,2370,62.7,1000000,2000000,1500000,2,2015,12
1041720,Kingdoms of Amalur: Re-Reckoning,"KAIKO, Big Huge Games, 38 Studios",THQ Nordic,2020-09-08,39.99,39.99,0,5468,1670,7138,76.6,1000000,2000000,1500000,114,2020,9
1527950,Wartales,Shiro Games,Shiro Games,2023-04-12,34.99,34.99,0,26326,3010,29336,89.7,1000000,2000000,1500000,1632,2023,4
950670,Gothic Playable Teaser,THQ Nordic Barcelona,THQ Nordic,2019-12-13,0.0,0.0,0,10607,4457,15064,70.4,1000000,2000000,1500000,5,2019,12
326460,ShellShock Live,kChamp Games,kChamp Games,2020-05-22,9.99,9.99,0,32540,2353,34893,93.3,1000000,2000000,1500000,297,2020,5
40700,Machinarium,Amanita Design,Amanita Design,2009-10-16,19.99,19.99,0,16384,860,17244,95.0,1000000,2000000,1500000,125,2009,10
12900,AudioSurf,Dylan Fitterer,,2008-02-15,9.99,9.99,0,10490,470,10960,95.7,1000000,2000000,1500000,11,2008,2
223850,3DMark,UL Solutions,UL Solutions,,29.99,29.99,0,17160,1192,18352,93.5,1000000,2000000,1500000,699,,
2108330,F1 23,Codemasters,Electronic Arts,2023-06-15,0.0,0.0,0,15059,2456,17515,86.0,1000000,2000000,1500000,515,2023,6
1451940,NEEDY STREAMER OVERLOAD,"WSS playground, xemono","WSS playground, Alliance Arts",2022-01-21,15.99,15.99,0,44718,2487,47205,94.7,1000000,2000000,1500000,170,2022,1
1930,Two Worlds Epic Edition,Reality Pump Studios,Topware Interactive,2009-04-30,14.99,14.99,0,4283,1311,5594,76.6,1000000,2000000,1500000,17,2009,4
290340,Armello,League of Geeks,League of Geeks,2015-09-01,24.99,24.99,0,12911,2848,15759,81.9,1000000,2000000,1500000,61,2015,9
997010,Police Simulator: Patrol Officers,Aesir Interactive,astragon Entertainment,2022-11-10,5.99,29.99,80,15108,4313,19421,77.8,1000000,2000000,1500000,318,2022,11
1029550,Torque Drift,Grease Monkey Games,Grease Monkey Games,2021-04-20,0.0,0.0,0,9259,2867,12126,76.4,1000000,2000000,1500000,91,2021,4
668630,Tricolour Lovestory,HL-Galgame,HL-Galgame,2017-09-20,1.99,1.99,0,22818,5038,27856,81.9,1000000,2000000,1500000,22,2017,9
553640,ICEY,FantaBlade Network,XD,2016-11-17,10.99,10.99,0,24297,2629,26926,90.2,1000000,2000000,1500000,26,2016,11
21090,F.E.A.R.,"Monolith Productions, Inc., Timegate","Warner Bros. Games, Warner Bros. Interactive Entertainment",2010-05-21,9.99,9.99,0,15867,1069,16936,93.7,1000000,2000000,1500000,87,2010,5
437220,The Culling,Xaviant,Xaviant Games,2017-10-05,0.0,0.0,0,9960,7437,17397,57.3,1000000,2000000,1500000,0,2017,10
2252570,Football Manager 2024,Sports Interactive,SEGA,2023-11-06,59.99,59.99,0,20927,2121,23048,90.8,1000000,2000000,1500000,47931,2023,11
578310,BRAIN / OUT,Desertkun,Desertkun,2017-02-24,0.0,0.0,0,12592,2769,15361,82.0,1000000,2000000,1500000,9,2017,2
234630,Project CARS,Slightly Mad Studios,"Codemasters, Slightly Mad Studios, Electronic Arts",2015-05-06,0.0,0.0,0,11422,2986,14408,79.3,1000000,2000000,1500000,45,2015,5
794600,LET IT DIE,"SUPERTRICK GAMES, Inc., GRASSHOPPER MANUFACTURE INC.","GungHo Online Entertainment America, Inc.",2018-09-26,19.99,19.99,0,4404,1487,5891,74.8,1000000,2000000,1500000,117,2018,9
339340,Resident Evil 0,"CAPCOM Co., Ltd.","CAPCOM Co., Ltd.",2016-01-19,19.99,19.99,0,11048,2522,13570,81.4,1000000,2000000,1500000,83,2016,1
3900,Sid Meier's Civilization IV,Firaxis Games,2K,2006-10-25,3.99,19.99,80,3134,241,3375,92.9,1000000,2000000,1500000,620,2006,10
489940,BATTALION 1944,BULKHEAD,BULKHEAD,2019-05-23,0.0,0.0,0,9796,6659,16455,59.5,1000000,2000000,1500000,4,2019,5
1012880,60 Seconds! Reatomized,Robot Gentleman,Robot Gentleman,2019-07-25,9.99,9.99,0,15967,957,16924,94.3,1000000,2000000,1500000,251,2019,7
2390840,Zombie Defense: The Last Frontier,LilMemes Production, LilMemes Production,2024-01-05,0.99,0.99,0,26,13,39,66.7,1000000,2000000,1500000,0,2024,1
378860,Project CARS 2,Slightly Mad Studios,BANDAI NAMCO Entertainment,2017-09-21,0.0,0.0,0,14903,3471,18374,81.1,1000000,2000000,1500000,130,2017,9
745740,Reflex,Easy game,Game for people,2017-11-23,0.99,0.99,0,670,115,785,85.4,1000000,2000000,1500000,2,2017,11
382490,Relic Hunters Zero: Remix,Rogue Snail,Akupara Games,2015-08-18,0.0,0.0,0,6309,459,6768,93.2,1000000,2000000,1500000,4,2015,8
731490,Crash Bandicoot N. Sane Trilogy,"Vicarious Visions, Iron Galaxy Studios",Activision,2018-06-29,39.99,39.99,0,16702,1332,18034,92.6,1000000,2000000,1500000,311,2018,6
517630,Just Cause 4 Reloaded,Avalanche Studios,Square Enix,2018-12-04,69.03,69.03,0,18698,11600,30298,61.7,1000000,2000000,1500000,232,2018,12
282800,100% Orange Juice,"Orange_Juice, Fruitbat Factory",Fruitbat Factory,2014-05-16,6.99,6.99,0,25886,2350,28236,91.7,1000000,2000000,1500000,158,2014,5
42960,Victoria II,Paradox Development Studio,Paradox Interactive,2010-08-30,19.99,19.99,0,17950,1527,19477,92.2,1000000,2000000,1500000,490,2010,8
32440,LEGO Star Wars - The Complete Saga,Traveller's Tales,"LucasArts, Lucasfilm, Disney",2009-11-12,19.99,19.99,0,23000,787,23787,96.7,1000000,2000000,1500000,334,2009,11
115320,Prototype 2,Radical Entertainment,Activision,2012-07-24,39.99,39.99,0,11376,3605,14981,75.9,1000000,2000000,1500000,144,2012,7
383120,Empyrion - Galactic Survival,Eleon Game Studios,Eleon Game Studios,2020-08-05,19.99,19.99,0,26195,7052,33247,78.8,1000000,2000000,1500000,990,2020,8
557340,My Friend Pedro,DeadToast Entertainment,Devolver Digital,2019-06-20,3.99,19.99,80,26344,1183,27527,95.7,1000000,2000000,1500000,22,2019,6
39000,Moonbase Alpha,"Virtual Heroes, Army Game Studio",NASA,2010-07-06,0.0,0.0,0,11622,1216,12838,90.5,1000000,2000000,1500000,3,2010,7
690640,Trine 4: The Nightmare Prince,Frozenbyte,Frozenbyte,2019-10-08,29.99,29.99,0,11924,1455,13379,89.1,1000000,2000000,1500000,76,2019,10
214510,LEGO The Lord of the Rings,Traveller's Tales,Warner Bros. Interactive Entertainment,2012-11-27,19.99,19.99,0,12822,1390,14212,90.2,1000000,2000000,1500000,154,2012,11
577800,NBA 2K18,Visual Concepts,2K,,0.0,0.0,0,5473,13319,18792,29.1,1000000,2000000,1500000,58,,
1252330,DEATHLOOP,Arkane Studios,Bethesda Softworks,2021-09-13,59.99,59.99,0,22306,6899,29205,76.4,1000000,2000000,1500000,73,2021,9
235340,Prime World,Nival,Nival,2014-03-31,0.0,0.0,0,2214,1571,3785,58.5,1000000,2000000,1500000,2,2014,3
362960,Tyranny,Obsidian Entertainment,Paradox Interactive,2016-11-10,29.99,29.99,0,11080,1658,12738,87.0,1000000,2000000,1500000,47,2016,11
107310,Cthulhu Saves the World,Zeboyd Digital Entertainment LLC,Zeboyd Digital Entertainment LLC,2011-07-13,2.99,2.99,0,3148,281,3429,91.8,1000000,2000000,1500000,2,2011,7
250820,SteamVR,Valve,Digital Leisure Inc.,,0.0,0.0,0,61933,8707,70640,87.7,1000000,2000000,1500000,0,,
1161580,Hardspace: Shipbreaker,Blackbird Interactive,Blackbird Interactive,2022-05-24,34.99,34.99,0,18276,2146,20422,89.5,1000000,2000000,1500000,270,2022,5
2320,Quake II,"id Software, Nightdive Studios, MachineGames",Bethesda Softworks,2007-08-03,9.99,9.99,0,8821,407,9228,95.6,1000000,2000000,1500000,80,2007,8
1088150,Scribble It!,Detach Entertainment,Detach Entertainment,2020-10-20,0.0,0.0,0,6711,1080,7791,86.1,1000000,2000000,1500000,76,2020,10
236690,Blood Bowl 2: Legendary Edition (Classic),Cyanide Studios,Slitherine Ltd.,2017-09-05,29.99,29.99,0,6997,1893,8890,78.7,1000000,2000000,1500000,84,2017,9
1096530,Solasta: Crown of the Magister,Tactical Adventures,Tactical Adventures,2021-05-27,29.99,29.99,0,17785,2608,20393,87.2,1000000,2000000,1500000,396,2021,5
213610,Sonic Adventure 2,SEGA,SEGA,2012-11-19,9.99,9.99,0,22711,2761,25472,89.2,1000000,2000000,1500000,234,2012,11
790710,World of Warplanes,Wargaming Group Limited,Wargaming Group Limited,2022-02-10,0.0,0.0,0,3646,1460,5106,71.4,1000000,2000000,1500000,64,2022,2
541570,Sally Face - Episode One,Portable Moose,Portable Moose,2016-12-14,2.99,2.99,0,21939,622,22561,97.2,1000000,2000000,1500000,100,2016,12
1455840,Dorfromantik,Toukana Interactive,Toukana Interactive,2022-04-28,13.99,13.99,0,26639,958,27597,96.5,1000000,2000000,1500000,365,2022,4
710920,Darksiders Genesis,Airship Syndicate,THQ Nordic,2019-12-05,29.99,29.99,0,10185,2188,12373,82.3,1000000,2000000,1500000,29,2019,12
670290,Real Pool 3D - Poolians,Poolians.com,Poolians.com,2018-01-04,0.0,0.0,0,13042,3918,16960,76.9,1000000,2000000,1500000,911,2018,1
1124300,HUMANKIND,AMPLITUDE Studios,AMPLITUDE Studios,2021-08-17,49.99,49.99,0,18573,8672,27245,68.2,1000000,2000000,1500000,411,2021,8
269950,X-Plane 11,Laminar Research,Laminar Research,2017-03-30,29.99,29.99,0,17554,1363,18917,92.8,1000000,2000000,1500000,381,2017,3
247120,Portal 2 Sixense Perceptual Pack,,Sixense,2013-09-20,0.0,0.0,0,299,225,524,57.1,1000000,2000000,1500000,0,2013,9
300380,Road Redemption,"Redemption Road, Pixel Dash Studios",Tripwire Presents,2017-10-04,19.99,19.99,0,10485,2262,12747,82.3,1000000,2000000,1500000,21,2017,10
329050,Devil May Cry 4 Special Edition,"CAPCOM Co., Ltd.","CAPCOM Co., Ltd. ",2015-06-23,24.99,24.99,0,16223,2172,18395,88.2,1000000,2000000,1500000,220,2015,6
1253920,Rogue Legacy 2,Cellar Door Games,Cellar Door Games,2022-04-28,24.99,24.99,0,13143,1326,14469,90.8,1000000,2000000,1500000,167,2022,4
332950,Dark Deception,Glowstick Entertainment,Glowstick Entertainment,2018-09-26,0.0,0.0,0,18879,2352,21231,88.9,1000000,2000000,1500000,162,2018,9
232010,Euro Truck Simulator,SCS Software,SCS Software,2013-03-08,0.99,4.99,80,6093,1198,7291,83.6,1000000,2000000,1500000,3,2013,3
1184140,KartRider: Drift,NEXON Korea Corporation,Nexon America Inc.,2023-01-09,0.0,0.0,0,3910,1460,5370,72.8,1000000,2000000,1500000,3,2023,1
339600,VEGA Conflict,KIXEYE,KIXEYE,2015-12-14,0.0,0.0,0,2865,2020,4885,58.6,1000000,2000000,1500000,290,2015,12
410900,Forts,EarthWork Games,EarthWork Games,2017-04-19,14.99,14.99,0,20535,1786,22321,92.0,1000000,2000000,1500000,379,2017,4
2296990,We Were Here Expeditions: The FriendShip,Total Mayhem Games,Total Mayhem Games,2023-09-14,3.99,3.99,0,20306,2028,22334,90.9,1000000,2000000,1500000,63,2023,9
283640,Salt and Sanctuary,Ska Studios,Ska Studios,2016-05-17,17.99,17.99,0,18485,2167,20652,89.5,1000000,2000000,1500000,48,2016,5
397950,Clustertruck,Landfall,tinyBuild,2016-09-27,2.99,14.99,80,16041,1113,17154,93.5,1000000,2000000,1500000,56,2016,9
371660,Far Cry Primal,Ubisoft,Ubisoft,2016-02-29,7.49,29.99,75,28267,4625,32892,85.9,1000000,2000000,1500000,235,2016,2
1966900,20 Minutes Till Dawn,flanne,flanne,2023-06-08,4.99,4.99,0,25358,2361,27719,91.5,1000000,2000000,1500000,146,2023,6
20500,Red Faction Guerrilla Steam Edition,"Volition, Reactor Zero, THQ Nordic",Deep Silver,2009-09-15,19.99,19.99,0,6859,765,7624,90.0,1000000,2000000,1500000,5,2009,9
437920,Tricky Towers,WeirdBeard,WeirdBeard,2016-08-02,5.99,14.99,60,14179,1516,15695,90.3,1000000,2000000,1500000,71,2016,8
40970,Stronghold Crusader HD (2012),Firefly Studios,Firefly Studios,2013-10-21,9.99,9.99,0,19346,465,19811,97.7,1000000,2000000,1500000,746,2013,10
1605220,Dune: Spice Wars,Shiro Games,"Funcom, Shiro Games",2023-09-14,13.99,34.99,60,9973,2547,12520,79.7,1000000,2000000,1500000,203,2023,9
715220,Ironsight,Wiple Games,Aeria Games,2019-12-18,0.0,0.0,0,4149,1145,5294,78.4,1000000,2000000,1500000,0,2019,12
218680,Scribblenauts Unlimited,5th Cell Media,Warner Bros. Interactive Entertainment,2012-11-19,19.99,19.99,0,11038,717,11755,93.9,1000000,2000000,1500000,35,2012,11
826630,Iron Harvest,KING Art,"Prime Matter, Deep Silver",2020-08-31,4.49,29.99,85,10945,4123,15068,72.6,1000000,2000000,1500000,93,2020,8
996470,eFootball  PES 2020,Konami Digital Entertainment,Konami Digital Entertainment,2019-09-10,0.0,0.0,0,18667,7563,26230,71.2,1000000,2000000,1500000,181,2019,9
1919590,NBA 2K23,Visual Concepts,2K,2022-09-08,0.0,0.0,0,31908,19567,51475,62.0,1000000,2000000,1500000,1118,2022,9
48720,Mount & Blade: With Fire & Sword,TaleWorlds Entertainment,TaleWorlds Entertainment,2011-05-03,9.99,9.99,0,11961,1613,13574,88.1,1000000,2000000,1500000,99,2011,5
12140,Max Payne,Remedy Entertainment,Rockstar Games,2011-01-06,9.99,9.99,0,13072,1581,14653,89.2,1000000,2000000,1500000,43,2011,1
1206560,WorldBox - God Simulator,Maxim Karpenko,Maxim Karpenko,2021-12-02,19.99,19.99,0,41874,2188,44062,95.0,1000000,2000000,1500000,1589,2021,12
903950,Last Oasis,Donkey Crew,"Donkey Crew, Snail Games USA",2020-03-26,29.99,29.99,0,14952,9133,24085,62.1,1000000,2000000,1500000,153,2020,3
233290,Murdered: Soul Suspect,Airtight Games,Square Enix,2014-06-03,19.99,19.99,0,14278,2373,16651,85.7,1000000,2000000,1500000,11,2014,6
2300320,Farming Simulator 25,GIANTS Software,GIANTS Software,2024-11-12,29.99,29.99,0,28079,5496,33575,83.6,1000000,2000000,1500000,13431,2024,11
1295660,Sid Meier's Civilization VII,Firaxis Games,2K,2025-02-10,69.99,69.99,0,20502,21746,42248,48.5,1000000,2000000,1500000,5931,2025,2
1325860,VTube Studio,DenchiSoft,DenchiSoft,2021-03-12,0.0,0.0,0,5283,412,5695,92.8,1000000,2000000,1500000,10139,2021,3
997070,Marvel's Avengers - The Definitive Edition,"Crystal Dynamics, Eidos-Montréal, Nixxes",Crystal Dynamics,2020-09-04,0.0,0.0,0,22704,11386,34090,66.6,1000000,2000000,1500000,68,2020,9
916440,Anno 1800,Ubisoft Mainz,Ubisoft,2019-04-16,14.99,59.99,75,20368,4723,25091,81.2,1000000,2000000,1500000,2784,2019,4
858810,Dawn of Man,Madruga Works,Madruga Works,2019-03-01,24.99,24.99,0,14845,2252,17097,86.8,1000000,2000000,1500000,323,2019,3
1407200,World of Tanks,Wargaming Group Limited,Wargaming Group Limited,2021-04-28,0.0,0.0,0,72570,15266,87836,82.6,1000000,2000000,1500000,3869,2021,4
238430,Contagion,"Monochrome, Inc","Monochrome, Inc",2013-10-25,9.99,9.99,0,11222,4206,15428,72.7,1000000,2000000,1500000,27,2013,10
1244460,Jurassic World Evolution 2,Frontier Developments,Frontier Developments,2021-11-09,17.99,59.99,70,32817,3821,36638,89.6,1000000,2000000,1500000,1413,2021,11
1118310,RetroArch,Libretro,Libretro,2022-05-27,0.0,0.0,0,7224,839,8063,89.6,1000000,2000000,1500000,619,2022,5
882100,XCOM: Chimera Squad,Firaxis Games,2K,2020-04-23,9.99,9.99,0,16302,6407,22709,71.8,1000000,2000000,1500000,68,2020,4
206210,Gotham City Impostors Free to Play,"Monolith Productions, Inc.",Warner Bros. Interactive Entertainment,2012-08-30,0.0,0.0,0,10295,1754,12049,85.4,1000000,2000000,1500000,0,2012,8
205950,Jet Set Radio,Blit Software,SEGA,2012-09-19,0.0,0.0,0,7097,1030,8127,87.3,1000000,2000000,1500000,7,2012,9
879160,Battlerite Royale,Stunlock Studios,Stunlock Studios,2019-02-19,0.0,0.0,0,6088,2103,8191,74.3,1000000,2000000,1500000,5,2019,2
1106840,Hydroneer,Foulball Hangover,Foulball Hangover,2020-05-08,14.99,14.99,0,21755,3368,25123,86.6,1000000,2000000,1500000,374,2020,5
1210320,Potion Craft: Alchemist Simulator,niceplay games,tinyBuild,2022-12-13,7.99,19.99,60,34716,2892,37608,92.3,1000000,2000000,1500000,941,2022,12
728540,Islands of Nyne: Battle Royale,Define Human Studios,Define Human Studios,2018-07-12,0.0,0.0,0,3387,3302,6689,50.6,1000000,2000000,1500000,0,2018,7
285160,LEGO The Hobbit,"Traveller's Tales, Feral Interactive (Mac)","Warner Bros. Interactive Entertainment, Feral Interactive (Mac)",2014-04-08,19.99,19.99,0,7895,1882,9777,80.8,1000000,2000000,1500000,69,2014,4
1119730,"Ranch Simulator: Build, Hunt, Farm",Toxic Dog,Excalibur Games,2023-11-03,24.99,24.99,0,28977,7042,36019,80.4,1000000,2000000,1500000,1488,2023,11
1657630,Slime Rancher 2,Monomi Park,Monomi Park,2025-09-23,29.99,29.99,0,31703,1916,33619,94.3,1000000,2000000,1500000,524,2025,9
246420,Kingdom Rush  - Tower Defense,Ironhide Game Studio,Ironhide Game Studio,2014-01-06,0.99,9.99,90,14430,402,14832,97.3,1000000,2000000,1500000,214,2014,1
1448440,Wo Long: Fallen Dynasty,"KOEI TECMO GAMES CO., LTD.","KOEI TECMO GAMES CO., LTD., CE-Asia(Asia)",2023-03-03,19.99,39.99,50,13447,14241,27688,48.6,1000000,2000000,1500000,151,2023,3
1810580,Nobody - The Turnaround,U.Ground Game Studio,Thermite Games,2022-11-16,0.0,0.0,0,8509,5730,14239,59.8,1000000,2000000,1500000,36,2022,11
1817190,Marvel’s Spider-Man: Miles Morales,"Insomniac Games, Nixxes Software",PlayStation Publishing LLC,2022-11-18,49.99,49.99,0,40722,2959,43681,93.2,1000000,2000000,1500000,377,2022,11
244450,Men of War: Assault Squad 2,Digitalmindsoft,Fulqrum Publishing,2014-05-15,29.99,29.99,0,40520,3881,44401,91.3,1000000,2000000,1500000,711,2014,5
282660,Easy eSports,EasyAntiCheat Ltd,EasyAntiCheat Ltd,2015-09-10,0.0,0.0,0,7812,1883,9695,80.6,1000000,2000000,1500000,3,2015,9
1325200,Nioh 2 – The Complete Edition,"KOEI TECMO GAMES CO., LTD.","KOEI TECMO GAMES CO., LTD.",2021-02-05,19.99,49.99,60,39965,5531,45496,87.8,1000000,2000000,1500000,1441,2021,2
960990,Beyond: Two Souls,Quantic Dream,Quantic Dream,2020-06-18,1.99,19.99,90,24755,3272,28027,88.3,1000000,2000000,1500000,210,2020,6
383180,Dead Island: Riptide Definitive Edition,Techland,Deep Silver,2016-05-31,19.99,19.99,0,8342,3358,11700,71.3,1000000,2000000,1500000,140,2016,5
209660,Call of Duty: Advanced Warfare - Gold Edition,"Sledgehammer Games, Raven Software",Activision,2014-11-03,39.99,39.99,0,13493,8403,21896,61.6,1000000,2000000,1500000,17,2014,11
751780,Forager,HopFrog,Balor Games,2019-04-18,19.99,19.99,0,36751,4130,40881,89.9,1000000,2000000,1500000,235,2019,4
544920,Darwin Project,Scavengers Studio,Scavengers Studio,2020-01-13,0.0,0.0,0,14978,3410,18388,81.5,1000000,2000000,1500000,0,2020,1
226860,Galactic Civilizations III,Stardock Entertainment,Stardock Entertainment,2015-05-14,29.99,29.99,0,7874,2408,10282,76.6,1000000,2000000,1500000,161,2015,5
1418630,Dread Hunger,Dread Hunger Team,Digital Confectioners,2022-01-26,0.0,0.0,0,27859,18326,46185,60.3,1000000,2000000,1500000,751,2022,1
939400,LoveChoice,Akaba Studio,Akaba Studio,2021-11-15,1.99,1.99,0,31465,2425,33890,92.8,1000000,2000000,1500000,92,2021,11
2321470,Deep Rock Galactic: Survivor,Funday Games,Ghost Ship Publishing,2025-09-17,12.99,12.99,0,31693,4865,36558,86.7,1000000,2000000,1500000,1300,2025,9
268870,Satellite Reign,5 Lives Studios,5 Lives Studios,2015-08-27,29.99,29.99,0,3737,1492,5229,71.5,1000000,2000000,1500000,5,2015,8
953490,CARRION,Phobia Game Studio,Devolver Digital,2020-07-23,19.99,19.99,0,25814,1496,27310,94.5,1000000,2000000,1500000,44,2020,7
698670,Scorn,Ebb Software,Kepler Interactive,2022-10-14,3.99,39.99,90,11887,3613,15500,76.7,1000000,2000000,1500000,20,2022,10
1128920,EVERSPACE 2,ROCKFISH Games,ROCKFISH Games,2023-04-06,49.99,49.99,0,10088,1540,11628,86.8,1000000,2000000,1500000,331,2023,4
1418100,Swords of Legends Online,"Wangyuan Shengtang Entertainment Technology CO., 上海烛龙信息科技有限公司",Gameforge 4D GmbH,2021-07-09,0.0,0.0,0,3878,1944,5822,66.6,1000000,2000000,1500000,2,2021,7
329110,Gems of War - Puzzle RPG,Infinity Plus 2,505 Games,2014-11-20,0.0,0.0,0,7067,1723,8790,80.4,1000000,2000000,1500000,2002,2014,11
1264670,The Wind Road,甘肃嘉元数字科技有限公司,Phoenix Game,2020-07-09,29.99,29.99,0,4706,2098,6804,69.2,1000000,2000000,1500000,1,2020,7
214340,Deponia,Daedalic Entertainment,Daedalic Entertainment,2012-08-06,9.99,9.99,0,10509,1566,12075,87.0,1000000,2000000,1500000,25,2012,8
205230,Hell Yeah! Wrath of the Dead Rabbit,Arkedo,SEGA,2012-10-03,14.99,14.99,0,3132,543,3675,85.2,1000000,2000000,1500000,1,2012,10
17570,"Pirates, Vikings, and Knights II",Octoshark Studios,Octoshark Studios,2010-02-12,0.0,0.0,0,5227,730,5957,87.7,1000000,2000000,1500000,13,2010,2
1258080,Shop Titans,"Kabam Games, Inc.","Kabam Games, Inc.",2020-05-05,0.0,0.0,0,13249,3679,16928,78.3,1000000,2000000,1500000,3279,2020,5
610080,Realm Grinder,Divine Games,Kongregate,2017-06-15,0.0,0.0,0,6185,917,7102,87.1,1000000,2000000,1500000,595,2017,6
2713550,Cursed Dawn,Cursed Studios,,2025-04-07,8.99,14.99,40,2,7,9,22.2,1000000,2000000,1500000,0,2025,4
962730,Skater XL - The Ultimate Skateboarding Game,Easy Day Studios Pty Ltd,Easy Day Studios Pty Ltd,2020-07-28,39.99,39.99,0,16733,2736,19469,85.9,1000000,2000000,1500000,165,2020,7
375910,Anno 2205,Blue Byte,Ubisoft,2015-11-02,5.99,39.99,85,4174,1819,5993,69.6,1000000,2000000,1500000,63,2015,11
911400,Assassin's Creed III Remastered,Ubisoft Entertainment,Ubisoft Entertainment				,2019-03-29,9.99,39.99,75,7703,4881,12584,61.2,1000000,2000000,1500000,295,2019,3
1237980,STAR WARS Battlefront,DICE,Electronic Arts,2020-06-11,4.99,19.99,75,4116,1129,5245,78.5,1000000,2000000,1500000,55,2020,6
1262600,Need for Speed Rivals,Criterion Games,Electronic Arts,2020-06-04,19.99,19.99,0,6633,2218,8851,74.9,1000000,2000000,1500000,42,2020,6
2679460,Metaphor: ReFantazio,ATLUS,SEGA,2024-10-10,27.99,69.99,60,31641,3199,34840,90.8,1000000,2000000,1500000,1753,2024,10
1419170,My Singing Monsters,Big Blue Bubble,Big Blue Bubble,2021-03-24,0.0,0.0,0,39143,2558,41701,93.9,1000000,2000000,1500000,740,2021,3
1337520,Risk of Rain Returns,Hopoo Games,"Gearbox Publishing, 2K",2023-11-08,14.99,14.99,0,25087,2736,27823,90.2,1000000,2000000,1500000,220,2023,11
2212330,Your Only Move Is HUSTLE,Ivy Sly,Ivy Sly,2023-02-02,4.99,4.99,0,30716,1160,31876,96.4,1000000,2000000,1500000,613,2023,2
1134570,F1 2021,Codemasters,Electronic Arts,2021-07-15,0.0,0.0,0,30062,5024,35086,85.7,1000000,2000000,1500000,153,2021,7
2420110,Horizon Forbidden West Complete Edition,"Guerrilla, Nixxes Software",PlayStation Publishing LLC,2024-03-21,59.99,59.99,0,20325,2410,22735,89.4,1000000,2000000,1500000,1005,2024,3
1062520,Dinkum,James Bendon,"KRAFTON, Inc.",2025-04-22,19.99,19.99,0,22671,1913,24584,92.2,1000000,2000000,1500000,2422,2025,4
994280,Gujian3(古剑奇谭三),"上海烛龙信息科技有限公司, Aurogon Shanghai",北京网元圣唐娱乐科技有限公司,2018-12-14,29.99,29.99,0,41193,6652,47845,86.1,1000000,2000000,1500000,103,2018,12
1222730,STAR WARS: Squadrons,MOTIVE,Electronic Arts,2020-10-01,3.99,39.99,90,17756,9298,27054,65.6,1000000,2000000,1500000,79,2020,10
368070,Sniper Ghost Warrior 3,CI Games,CI Games,2017-04-24,19.99,19.99,0,12341,6161,18502,66.7,1000000,2000000,1500000,134,2017,4
1669980,Volcano Princess,养蛋人 Egg Hatcher,养蛋人 Egg Hatcher,2023-04-20,10.99,10.99,0,40290,890,41180,97.8,1000000,2000000,1500000,553,2023,4
47780,Dead Space 2,Visceral Games,Electronic Arts,2011-01-25,3.99,19.99,80,24396,1550,25946,94.0,1000000,2000000,1500000,82,2011,1
872410,ROMANCE OF THE THREE KINGDOMS XIV,"KOEI TECMO GAMES CO., LTD.","KOEI TECMO GAMES CO., LTD.",2020-01-15,59.99,59.99,0,9421,5690,15111,62.3,1000000,2000000,1500000,1827,2020,1
23490,Tropico 3,Haemimont Games,Kalypso Media Digital,2009-10-20,9.99,9.99,0,1653,202,1855,89.1,1000000,2000000,1500000,5,2009,10
531510,Just Shapes & Beats,Berzerk Studio,Berzerk Studio,2018-05-31,19.99,19.99,0,21613,537,22150,97.6,1000000,2000000,1500000,220,2018,5
2440510,Forza Motorsport,Turn 10,Xbox Game Studios,2023-10-09,69.99,69.99,0,4749,5236,9985,47.6,1000000,2000000,1500000,506,2023,10
1036700,My Beautiful Paper Smile,Two Star Games,"V Publishing, Surefire.Games",2021-10-14,14.99,14.99,0,340,58,398,85.4,1000000,2000000,1500000,0,2021,10
469600,Legion TD 2 - Multiplayer Tower Defense,AutoAttack Games,AutoAttack Games,2021-10-01,24.99,24.99,0,11713,1837,13550,86.4,1000000,2000000,1500000,687,2021,10
380840,Teeworlds,Teeworlds Team,Teeworlds Team,2015-08-24,0.0,0.0,0,3869,507,4376,88.4,1000000,2000000,1500000,11,2015,8
22300,Fallout 3,Bethesda Game Studios,Bethesda Softworks,2008-10-28,9.99,9.99,0,16975,3955,20930,81.1,1000000,2000000,1500000,44,2008,10
17430,Need for Speed Undercover,EA Black Box,Electronic Arts,2008-12-19,0.0,0.0,0,5969,1957,7926,75.3,1000000,2000000,1500000,13,2008,12
92800,SpaceChem,Zachtronics,Zachtronics,2011-03-02,9.99,9.99,0,4605,387,4992,92.2,1000000,2000000,1500000,11,2011,3
236090,Dust: An Elysian Tail,Humble Hearts LLC,Xbox Game Studios,2013-05-24,14.99,14.99,0,17758,880,18638,95.3,1000000,2000000,1500000,8,2013,5
6920,Deus Ex: Invisible War,Ion Storm,Eidos Interactive Corp.,2007-03-29,6.99,6.99,0,1322,969,2291,57.7,1000000,2000000,1500000,3,2007,3
1789480,Marauders,Small Impact Games,,2022-10-03,29.99,29.99,0,14768,5911,20679,71.4,1000000,2000000,1500000,17,2022,10
22000,World of Goo,2D BOY,2D BOY ,2008-10-13,14.99,14.99,0,5808,347,6155,94.4,1000000,2000000,1500000,20,2008,10
1244800,Terraformers,Asteroid Lab,"Goblinz Publishing, IndieArk",2023-03-09,7.99,19.99,60,2906,387,3293,88.2,1000000,2000000,1500000,127,2023,3
34830,Sniper: Ghost Warrior,City Interactive,CI Games,2010-06-24,7.99,7.99,0,4744,3381,8125,58.4,1000000,2000000,1500000,18,2010,6
571740,Golf It!,Perfuse Entertainment,Perfuse Entertainment,2023-08-18,4.49,8.99,50,26261,2748,29009,90.5,1000000,2000000,1500000,352,2023,8
335330,Brick-Force,Exe Games Inc.,Infernum Games GmbH,2014-12-11,0.0,0.0,0,1605,2219,3824,42.0,1000000,2000000,1500000,0,2014,12
420530,OneShot,Future Cat LLC,KOMODO,2016-12-08,9.99,9.99,0,52785,919,53704,98.3,1000000,2000000,1500000,76,2016,12
377840,FINAL FANTASY IX,Square Enix,Square Enix,2016-04-14,6.29,20.99,70,11281,611,11892,94.9,1000000,2000000,1500000,351,2016,4
553420,TUNIC,TUNIC Team,Finji,2022-03-16,29.99,29.99,0,13921,1260,15181,91.7,1000000,2000000,1500000,114,2022,3
1671210,DELTARUNE,tobyfox,tobyfox,2025-06-04,24.99,24.99,0,2804,31,2835,98.9,1000000,2000000,1500000,83936,2025,6
209670,Cortex Command,Data Realms,"Data Realms, LLC",2012-09-28,19.99,19.99,0,4293,1692,5985,71.7,1000000,2000000,1500000,4,2012,9
611790,House Party,"Eek! Games, LLC","Eek! Games, LLC",2022-07-15,24.99,24.99,0,12922,2066,14988,86.2,1000000,2000000,1500000,205,2022,7
21130,LEGO Harry Potter: Years 1-4,TT Games,Warner Bros. Interactive Entertainment,2010-06-25,19.99,19.99,0,7862,1154,9016,87.2,1000000,2000000,1500000,82,2010,6
215530,The Incredible Adventures of Van Helsing,NeocoreGames,NeocoreGames,2013-05-22,14.99,14.99,0,8306,1719,10025,82.9,1000000,2000000,1500000,38,2013,5
235540,Warhammer: End Times - Vermintide,Fatshark,Fatshark,2015-10-23,29.99,29.99,0,16874,4216,21090,80.0,1000000,2000000,1500000,54,2015,10
597170,Clone Drone in the Danger Zone,Doborog Games,Doborog Games,2021-07-27,19.99,19.99,0,32025,1042,33067,96.8,1000000,2000000,1500000,212,2021,7
627270,Injustice 2,"NetherRealm Studios, QLOC",WB Games,2017-11-30,49.99,49.99,0,19320,3077,22397,86.3,1000000,2000000,1500000,275,2017,11
626690,Sword Art Online: Fatal Bullet,Dimps Corporation,BANDAI NAMCO Entertainment,2018-02-23,19.99,19.99,0,15142,4011,19153,79.1,1000000,2000000,1500000,45,2018,2
293180,Overcast - Walden and the Werewolf,Microblast Games,SA Industry,2014-04-18,4.99,4.99,0,1790,1136,2926,61.2,1000000,2000000,1500000,1,2014,4
1328660,Need for Speed Hot Pursuit Remastered,Stellar Entertainment Limited,Electronic Arts,2020-11-06,5.99,29.99,80,9296,2219,11515,80.7,1000000,2000000,1500000,116,2020,11
867210,Songs of Conquest,Lavapotion,Coffee Stain Publishing,2024-05-20,29.99,29.99,0,10044,1632,11676,86.0,1000000,2000000,1500000,121,2024,5
221640,Super Hexagon,Terry Cavanagh,Terry Cavanagh,2012-11-27,2.99,2.99,0,23905,771,24676,96.9,1000000,2000000,1500000,12,2012,11
211420,DARK SOULS: Prepare To Die Edition,"FromSoftware, Inc.",Bandai Namco Entertainment,2012-08-24,0.0,0.0,0,71475,6662,78137,91.5,1000000,2000000,1500000,124,2012,8
332800,Five Nights at Freddy's 2,Scott Cawthon,Scott Cawthon,2014-11-10,7.99,7.99,0,21272,1425,22697,93.7,1000000,2000000,1500000,35,2014,11
2780980,LOCKDOWN Protocol,Mirage Creative Lab,Mirage Creative Lab,2025-11-18,9.99,9.99,0,13058,1808,14866,87.8,1000000,2000000,1500000,411,2025,11
251950,WWII Online,Cornered Rat Software,"Playnet, Inc.",2023-07-06,0.0,0.0,0,1863,1850,3713,50.2,1000000,2000000,1500000,17,2023,7
595520,FINAL FANTASY XII THE ZODIAC AGE,Square Enix,Square Enix,2018-02-01,14.99,49.99,70,7748,860,8608,90.0,1000000,2000000,1500000,298,2018,2
1066780,Transport Fever 2,Urban Games,Good Shepherd Entertainment,2019-12-11,39.99,39.99,0,24960,2667,27627,90.3,1000000,2000000,1500000,3465,2019,12
707010,Will To Live Online,AlphaSoft LLC,AlphaSoft LLC,2018-04-05,0.0,0.0,0,12263,5314,17577,69.8,1000000,2000000,1500000,542,2018,4
1262560,Need for Speed Most Wanted,Criterion Games,Electronic Arts,2020-06-18,19.99,19.99,0,17586,5164,22750,77.3,1000000,2000000,1500000,133,2020,6
301640,Zombie Army Trilogy,Rebellion,Rebellion,2015-03-06,44.99,44.99,0,15274,2389,17663,86.5,1000000,2000000,1500000,91,2015,3
215100,Ragnarok Online,Gravity Interactive,Gravity Interactive,2013-10-31,0.0,0.0,0,1651,642,2293,72.0,1000000,2000000,1500000,80,2013,10
357900,Make it indie!,Sometimes You,Sometimes You,2015-04-01,0.99,0.99,0,581,678,1259,46.1,1000000,2000000,1500000,0,2015,4
1104450,Bombergrounds: Battle Royale,Gigantic Duck Games,Gigantic Duck Games,2022-10-06,0.0,0.0,0,7240,1190,8430,85.9,1000000,2000000,1500000,13,2022,10
1080110,F1 2020,Codemasters,"Codemasters, Electronic Arts",2020-07-09,0.0,0.0,0,37531,2566,40097,93.6,1000000,2000000,1500000,211,2020,7
301750,RADical ROACH Remastered,DL Softworks,DL Softworks,2014-05-16,0.0,0.0,0,642,491,1133,56.7,1000000,2000000,1500000,8,2014,5
686200,Door Kickers: Action Squad,"PixelShard, KillHouse Games",KillHouse Games,2018-09-10,13.99,13.99,0,9617,522,10139,94.9,1000000,2000000,1500000,32,2018,9
234710,Poker Night 2,Telltale Games,Telltale Games,2013-04-26,0.0,0.0,0,6337,894,7231,87.6,1000000,2000000,1500000,32,2013,4
2161700,Persona 3 Reload,ATLUS,SEGA,2024-02-01,17.99,59.99,70,40182,2385,42567,94.4,1000000,2000000,1500000,1683,2024,2
1627720,Lies of P,NEOWIZ,NEOWIZ,2023-09-18,59.99,59.99,0,48336,4149,52485,92.1,1000000,2000000,1500000,1363,2023,9
865610,Tails Noir,Eggnut,Raw Fury,2021-06-08,24.99,24.99,0,2072,1021,3093,67.0,1000000,2000000,1500000,2,2021,6
2221490,Tom Clancy’s The Division 2,Ubisoft,Ubisoft,2023-01-12,2.99,29.99,90,17029,5339,22368,76.1,1000000,2000000,1500000,9481,2023,1
317360,Double Action: Boogaloo,"Double Action Factory, Jorge Rodriguez",Double Action Factory,2014-10-23,0.0,0.0,0,10555,788,11343,93.1,1000000,2000000,1500000,11,2014,10
648120,Pixel Sketch,mimicryTeam,mimicryTeam,2017-06-19,0.0,0.0,0,740,272,1012,73.1,1000000,2000000,1500000,0,2017,6
399810,Call of Cthulhu,Cyanide Studio,Focus Entertainment,2018-10-29,19.99,19.99,0,9824,2568,12392,79.3,1000000,2000000,1500000,42,2018,10
1065310,Evil West,Flying Wild Hog,Focus Entertainment,2022-11-21,49.99,49.99,0,7625,2616,10241,74.5,1000000,2000000,1500000,109,2022,11
536930,MOBIUS FINAL FANTASY,Square Enix,Square Enix,2017-02-05,0.0,0.0,0,3208,1176,4384,73.2,1000000,2000000,1500000,3,2017,2
1007040,EARTH DEFENSE FORCE 5,SANDLOT,D3PUBLISHER,2019-07-11,24.59,59.99,59,10166,597,10763,94.5,1000000,2000000,1500000,153,2019,7
403190,Planetbase,Madruga Works,Madruga Works,2015-10-15,14.99,14.99,0,7859,1993,9852,79.8,1000000,2000000,1500000,193,2015,10
208200,DOOM 3,id Software,Bethesda Softworks,2012-10-15,9.99,9.99,0,9834,1535,11369,86.5,1000000,2000000,1500000,118,2012,10
1468260,Leaf Blower Revolution - Idle Game,Humble North,Humble North,2020-12-04,0.0,0.0,0,23863,1429,25292,94.3,1000000,2000000,1500000,1621,2020,12
339800,HuniePop,HuniePot,HuniePot,2015-01-19,9.99,9.99,0,26390,1002,27392,96.3,1000000,2000000,1500000,178,2015,1
1473480,A.V.A,Valiant,Valiant,2022-08-23,0.0,0.0,0,3593,4011,7604,47.3,1000000,2000000,1500000,212,2022,8
1189490,觅长生,Chalcedony Network,Chalcedony Network,2023-01-12,14.99,14.99,0,26443,1896,28339,93.3,1000000,2000000,1500000,1524,2023,1
575090,Flame of Memory,Kacper Stasiełuk,Kacper Stasiełuk,2017-12-08,0.0,0.0,0,20,13,33,60.6,1000000,2000000,1500000,0,2017,12
219890,Antichamber,Alexander Bruce,Demruth,2013-01-31,19.99,19.99,0,16269,846,17115,95.1,1000000,2000000,1500000,11,2013,1
413410,Danganronpa: Trigger Happy Havoc,"Spike Chunsoft Co., Ltd., Abstraction Games","Spike Chunsoft Co., Ltd.",2016-02-18,19.99,19.99,0,29230,1201,30431,96.1,1000000,2000000,1500000,173,2016,2
536220,The Walking Dead: A New Frontier,Telltale Games,Skybound Games,2016-12-20,14.99,14.99,0,13947,2899,16846,82.8,1000000,2000000,1500000,110,2016,12
341940,Hatred,Destructive Creations,Destructive Creations,2015-06-01,5.99,5.99,0,18412,3709,22121,83.2,1000000,2000000,1500000,67,2015,6
559650,Witch It,Barrel Roll Games,Barrel Roll Games,2020-10-22,19.99,19.99,0,17137,2143,19280,88.9,1000000,2000000,1500000,24,2020,10
32500,STAR WARS: The Force Unleashed II,Aspyr Studios,"LucasArts, Lucasfilm, Disney",2010-10-26,19.99,19.99,0,4692,2696,7388,63.5,1000000,2000000,1500000,43,2010,10
667890,Dead Maze,Atelier 801,Atelier 801,2018-02-13,0.0,0.0,0,3540,1173,4713,75.1,1000000,2000000,1500000,52,2018,2
666140,My Time at Portia,Pathea Games,Focus Entertainment,2019-01-15,29.99,29.99,0,39671,3599,43270,91.7,1000000,2000000,1500000,593,2019,1
522210,Serial Cleaner,Draw Distance,Curve Games,2017-07-14,14.99,14.99,0,3244,526,3770,86.0,1000000,2000000,1500000,6,2017,7
310370,The Way of Life Free Edition,"CyberCoconut, Fabio Ferrara",CyberCoconut,2016-05-31,0.0,0.0,0,4609,1617,6226,74.0,1000000,2000000,1500000,3,2016,5
669330,Mechabellum,Game River,Dreamhaven,2024-09-26,8.99,14.99,40,12973,2105,15078,86.0,1000000,2000000,1500000,1748,2024,9
1262240,Plants vs. Zombies: Battle for Neighborville,PopCap,Electronic Arts,2020-06-04,8.99,29.99,70,12261,4994,17255,71.1,1000000,2000000,1500000,108,2020,6
250180,METAL SLUG 3,"SNK CORPORATION, Dotemu",SNK CORPORATION,2014-02-14,7.99,7.99,0,7698,881,8579,89.7,1000000,2000000,1500000,17,2014,2
41700,S.T.A.L.K.E.R.: Call of Pripyat,GSC Game World,GSC Game World,2010-02-11,19.99,19.99,0,29579,1378,30957,95.5,1000000,2000000,1500000,142,2010,2
422100,Heaven Island Life,Fabio Ferrara,Chubby Pixel,2016-04-21,0.99,0.99,0,386,319,705,54.8,1000000,2000000,1500000,0,2016,4
999220,Amnesia: Rebirth,Frictional Games,Frictional Games,2020-10-20,29.99,29.99,0,6676,2010,8686,76.9,1000000,2000000,1500000,15,2020,10
489630,"Warhammer 40,000: Gladius - Relics of War",Proxy Studios,Slitherine Ltd.,2018-07-12,39.99,39.99,0,12195,2780,14975,81.4,1000000,2000000,1500000,1326,2018,7
10150,Prototype,Radical Entertainment,Activision,2009-06-10,19.99,19.99,0,9896,2461,12357,80.1,1000000,2000000,1500000,223,2009,6
412880,Drift Streets Japan,JDM4iK Games,"SA Industry, BATYSTORE LTD",2015-12-21,4.99,4.99,0,2329,1276,3605,64.6,1000000,2000000,1500000,2,2015,12
208480,Assassin’s Creed III,Ubisoft Montreal,Ubisoft,2012-11-20,0.0,0.0,0,10458,3698,14156,73.9,1000000,2000000,1500000,14,2012,11
244160,Homeworld Remastered Collection,"Gearbox Software, Aspyr (Mac)","Gearbox Publishing, Aspyr (Mac), 2K",2015-02-25,34.99,34.99,0,12005,1584,13589,88.3,1000000,2000000,1500000,92,2015,2
463710,Puzzle Galaxies,Evermore Game Studios,Sometimes You,2016-04-29,0.99,0.99,0,100,68,168,59.5,1000000,2000000,1500000,0,2016,4
567640,Danganronpa V3: Killing Harmony,"Spike Chunsoft Co., Ltd.","Spike Chunsoft Co., Ltd.",2017-09-25,39.99,39.99,0,16665,3225,19890,83.8,1000000,2000000,1500000,164,2017,9
1214670,Mr. Sun's Hatbox,Kenny Sun,Raw Fury,2023-04-20,14.99,14.99,0,384,61,445,86.3,1000000,2000000,1500000,5,2023,4
376570,WildStar,Carbine Studios,NCSOFT,2016-06-09,0.0,0.0,0,3822,1278,5100,74.9,1000000,2000000,1500000,0,2016,6
330020,Children of Morta,Dead Mage,11 bit studios,2019-09-03,21.99,21.99,0,18625,2341,20966,88.8,1000000,2000000,1500000,69,2019,9
607260,McOsu,McKay,McKay,2017-03-20,0.0,0.0,0,5484,701,6185,88.7,1000000,2000000,1500000,80,2017,3
2878980,NBA 2K25,Visual Concepts,2K,2024-09-03,69.99,69.99,0,18767,13207,31974,58.7,1000000,2000000,1500000,27486,2024,9
1377580,Soulworker,VALOFE,G・O・P,2021-05-12,0.0,0.0,0,7552,3088,10640,71.0,1000000,2000000,1500000,127,2021,5
625340,XERA: Survival,Spotted Kiwi Interactive,Spotted Kiwi Interactive,2021-09-26,0.0,0.0,0,5185,2589,7774,66.7,1000000,2000000,1500000,39,2021,9
1302240,Labyrinthine,Valko Game Studios,Valko Game Studios,2023-08-18,9.99,9.99,0,13842,2416,16258,85.1,1000000,2000000,1500000,179,2023,8
555160,Pavlov,Vankrupt Games,Vankrupt Games,2024-12-04,24.99,24.99,0,35512,4160,39672,89.5,1000000,2000000,1500000,107,2024,12
690040,SUPERHOT: MIND CONTROL DELETE,SUPERHOT Team,SUPERHOT Team,2020-07-16,24.99,24.99,0,10143,1872,12015,84.4,1000000,2000000,1500000,32,2020,7
1148650,The Legend of Bum-Bo,"Edmund McMillen, James Interactive, Ridiculon",Edmund McMillen,2019-11-12,14.99,14.99,0,4695,1106,5801,80.9,1000000,2000000,1500000,10,2019,11
678800,SAS: Zombie Assault 4,Ninja Kiwi,Ninja Kiwi,2017-10-16,0.0,0.0,0,7854,1258,9112,86.2,1000000,2000000,1500000,205,2017,10
1549970,Aliens: Fireteam Elite,Cold Iron Studios,"Cold Iron Studios, Focus Entertainment",2021-08-23,29.99,29.99,0,19732,4999,24731,79.8,1000000,2000000,1500000,281,2021,8
13140,America's Army 3,U.S. Army,U.S. Army,2009-06-17,0.0,0.0,0,1732,727,2459,70.4,1000000,2000000,1500000,1,2009,6
404790,Godot Engine,Godot Engine,Godot Engine,2016-02-23,0.0,0.0,0,6696,1110,7806,85.8,1000000,2000000,1500000,1024,2016,2
619820,Heroes of Hammerwatch II,Crackshell,Team17,2025-01-14,12.49,24.99,50,3684,612,4296,85.8,1000000,2000000,1500000,144,2025,1
1382330,Persona 5 Strikers,ATLUS,SEGA,2021-02-22,17.99,59.99,70,14384,1932,16316,88.2,1000000,2000000,1500000,199,2021,2
1718570,ASTLIBRA Revision,KEIZO,WhisperGames,2022-10-13,24.99,24.99,0,25774,1184,26958,95.6,1000000,2000000,1500000,742,2022,10
400750,Call to Arms - Gates of Hell: Ostfront,"Barbedwire Studios, Digitalmindsoft",Digitalmindsoft,2021-06-11,8.74,34.99,75,19837,3974,23811,83.3,1000000,2000000,1500000,2216,2021,6
359870,FINAL FANTASY X/X-2 HD Remaster,Square Enix,Square Enix,2016-05-12,11.99,29.99,60,18031,2016,20047,89.9,1000000,2000000,1500000,776,2016,5
558100,Art of War: Red Tides,Game Science,Game Science,2016-12-22,0.0,0.0,0,5458,1460,6918,78.9,1000000,2000000,1500000,44,2016,12
787480,Phoenix Wright: Ace Attorney Trilogy,"CAPCOM Co., Ltd.","CAPCOM Co., Ltd.",2019-04-09,29.99,29.99,0,36370,884,37254,97.6,1000000,2000000,1500000,826,2019,4
427290,Vampyr,DONTNOD Entertainment,Focus Entertainment,2018-06-04,39.99,39.99,0,17075,5009,22084,77.3,1000000,2000000,1500000,267,2018,6
365360,Battle Brothers,Overhype Studios,"Hooded Horse, Overhype Studios",2017-03-24,29.99,29.99,0,21455,2874,24329,88.2,1000000,2000000,1500000,1091,2017,3
1222690,Dragon Age Inquisition,BioWare,Electronic Arts,2020-06-04,39.99,39.99,0,14780,4815,19595,75.4,1000000,2000000,1500000,454,2020,6
1369630,ENDER LILIES: Quietus of the Knights,"Live Wire, Adglobe",Binary Haze Interactive,2021-06-21,9.99,24.99,60,37155,2378,39533,94.0,1000000,2000000,1500000,181,2021,6
434570,Blood and Bacon,Big Corporation,Grunge Games LTD,2016-02-01,0.99,0.99,0,32796,1633,34429,95.3,1000000,2000000,1500000,28,2016,2
1227890,Summer Memories,Dojin Otome,Kagura Games,2020-06-14,19.99,19.99,0,20258,1541,21799,92.9,1000000,2000000,1500000,1585,2020,6
631510,Devil May Cry HD Collection,"CAPCOM Co., Ltd.","CAPCOM Co., Ltd.",2018-03-13,29.99,29.99,0,15904,1214,17118,92.9,1000000,2000000,1500000,675,2018,3
590380,Into the Breach,Subset Games,Subset Games,2018-02-27,14.99,14.99,0,19126,1090,20216,94.6,1000000,2000000,1500000,285,2018,2
1490890,Demon Slayer -Kimetsu no Yaiba- The Hinokami Chronicles,CyberConnect2,SEGA,2021-10-15,59.99,59.99,0,16576,2423,18999,87.2,1000000,2000000,1500000,59,2021,10
329430,State of Decay: YOSE,Undead Labs,Xbox Game Studios,2015-04-27,19.99,19.99,0,10111,2212,12323,82.0,1000000,2000000,1500000,96,2015,4
252530,OMSI 2: Steam Edition,MR-Software GbR,Aerosoft GmbH,2013-12-11,20.99,29.99,30,11270,1923,13193,85.4,1000000,2000000,1500000,587,2013,12
244930,SNOW - The Ultimate Edition,"Poppermost Productions, WastedStudios, Crytek",Crytek,2019-02-14,0.0,0.0,0,7672,4382,12054,63.6,1000000,2000000,1500000,0,2019,2
960170,DJMAX RESPECT V,NEOWIZ,NEOWIZ,2020-03-11,49.99,49.99,0,26014,3112,29126,89.3,1000000,2000000,1500000,854,2020,3
915320,Pixel Strike 3D,Vulcron,Vulcron,2020-05-29,0.0,0.0,0,9310,3293,12603,73.9,1000000,2000000,1500000,57,2020,5
1049800,BLOCKADE,Novalink,Novalink,2019-05-21,0.0,0.0,0,8570,2889,11459,74.8,1000000,2000000,1500000,21,2019,5
1922560,Plants vs. Zombies Garden Warfare 2: Deluxe Edition,PopCap,Electronic Arts,2022-05-16,29.99,29.99,0,30964,3331,34295,90.3,1000000,2000000,1500000,855,2022,5
1385380,Across the Obelisk,Dreamsite Games,"Paradox Interactive, Paradox Arc",2022-08-16,19.99,19.99,0,9733,2133,11866,82.0,1000000,2000000,1500000,531,2022,8
352400,LEGO Jurassic World,TT Games Ltd,Warner Bros. Interactive Entertainment,2015-06-11,19.99,19.99,0,8747,744,9491,92.2,1000000,2000000,1500000,95,2015,6
237310,Elsword,KOG,KOG Games,2014-07-02,0.0,0.0,0,7057,2516,9573,73.7,1000000,2000000,1500000,401,2014,7
1465360,SnowRunner,Saber Interactive,Focus Entertainment,2021-05-17,29.99,29.99,0,39488,4393,43881,90.0,1000000,2000000,1500000,3132,2021,5
347560,Terra Incognita Chapter One: The Descendant,Back To Basics Gaming,Back To Basics Gaming,2015-02-03,1.99,1.99,0,671,373,1044,64.3,1000000,2000000,1500000,1,2015,2
1097840,Gears 5,The Coalition,Xbox Game Studios,2019-09-09,29.99,29.99,0,16400,6909,23309,70.4,1000000,2000000,1500000,230,2019,9
375480,Chronicon,Subworld,Subworld,2020-08-21,13.99,13.99,0,8798,517,9315,94.4,1000000,2000000,1500000,73,2020,8
411300,ELEX,Piranha Bytes,THQ Nordic,2017-10-17,29.99,29.99,0,14162,4856,19018,74.5,1000000,2000000,1500000,82,2017,10
404410,Endless Sky,Michael Zahniser,Michael Zahniser,2015-10-30,0.0,0.0,0,6141,510,6651,92.3,1000000,2000000,1500000,160,2015,10
736260,Baba Is You,Hempuli Oy,Hempuli Oy,2019-03-13,14.99,14.99,0,21441,480,21921,97.8,1000000,2000000,1500000,269,2019,3
578650,The Outer Worlds,Obsidian Entertainment,"Private Division, Xbox Game Studios",2020-10-23,29.99,29.99,0,21727,4325,26052,83.4,1000000,2000000,1500000,150,2020,10
513780,Turbo Pug DX,"SnowFlame, Back To Basics Gaming",Back To Basics Gaming,2016-09-26,0.99,1.99,50,1407,405,1812,77.6,1000000,2000000,1500000,0,2016,9
931690,Himno,David Moralejo Sánchez,"GrabTheGames, UpgradePoint",2019-04-26,0.0,0.0,0,5272,503,5775,91.3,1000000,2000000,1500000,1,2019,4
1256670,Library Of Ruina,ProjectMoon,ProjectMoon,2021-08-10,29.99,29.99,0,32471,2038,34509,94.1,1000000,2000000,1500000,1299,2021,8
859580,Imperator: Rome,Paradox Development Studio,Paradox Interactive,2019-04-25,39.99,39.99,0,17159,9343,26502,64.7,1000000,2000000,1500000,547,2019,4
2051620,Enlisted: Reinforced,Darkflow Software,Gaijin Network Ltd,2024-07-16,0.0,0.0,0,22507,5656,28163,79.9,1000000,2000000,1500000,2569,2024,7
1164850,Sinking Simulator,Wicpar,Pac0master,2019-10-23,0.99,0.99,0,3663,634,4297,85.2,1000000,2000000,1500000,10,2019,10
224480,Octodad: Dadliest Catch,Young Horses,Young Horses,2014-01-30,14.99,14.99,0,9539,616,10155,93.9,1000000,2000000,1500000,18,2014,1
225840,Sven Co-op,Sven Co-op team,Sven Co-op team,2016-01-22,0.0,0.0,0,29316,2000,31316,93.6,1000000,2000000,1500000,112,2016,1
803330,Destroy All Humans!,"Black Forest Games, Pandemic Studios",THQ Nordic,2020-07-28,2.99,29.99,90,10010,827,10837,92.4,1000000,2000000,1500000,22,2020,7
1703340,The Stanley Parable: Ultra Deluxe,Crows Crows Crows,Crows Crows Crows,2022-04-27,24.99,24.99,0,28795,1760,30555,94.2,1000000,2000000,1500000,73,2022,4
575110,Magic Lantern,Parovoz Animation Studio,Interactive Moolt,2017-01-29,0.0,0.0,0,24,2,26,92.3,1000000,2000000,1500000,0,2017,1
480490,Prey,Arkane Studios,Bethesda Softworks,2017-05-04,29.99,29.99,0,46381,4652,51033,90.9,1000000,2000000,1500000,263,2017,5
1677280,Company of Heroes 3,Relic Entertainment,Relic Entertainment,2023-02-23,23.99,59.99,60,18936,14310,33246,57.0,1000000,2000000,1500000,2183,2023,2
2000950,Call of Duty: Modern Warfare,"Infinity Ward, Beenox, High Moon Studios, Raven Software",Activision,2023-03-08,59.99,59.99,0,16610,4378,20988,79.1,1000000,2000000,1500000,847,2023,3
763890,Wildermyth,Worldwalker Games LLC,"Worldwalker Games LLC, WhisperGames",2021-06-15,24.99,24.99,0,16587,904,17491,94.8,1000000,2000000,1500000,270,2021,6
280160,Aragami,Lince Works,Lince Works,2016-10-04,19.99,19.99,0,11480,1268,12748,90.1,1000000,2000000,1500000,11,2016,10
2058180,Judgment,RGG Studio,SEGA,2022-09-14,39.99,39.99,0,9190,553,9743,94.3,1000000,2000000,1500000,202,2022,9
738520,Breathedge,RedRuins Softworks,"HypeTrain Digital, RedRuins Softworks",2021-02-25,24.99,24.99,0,12620,2700,15320,82.4,1000000,2000000,1500000,37,2021,2
2130,Dark Messiah of Might & Magic,Arkane Studios,Ubisoft,2006-10-25,9.99,9.99,0,4769,355,5124,93.1,1000000,2000000,1500000,0,2006,10
222480,Resident Evil Revelations,Capcom,Capcom,2013-05-20,19.99,19.99,0,12258,2947,15205,80.6,1000000,2000000,1500000,101,2013,5
1113120,IXION,Bulwark Studios,Kasedo Games,2022-12-07,34.99,34.99,0,12290,3399,15689,78.3,1000000,2000000,1500000,133,2022,12
350080,Wolfenstein: The Old Blood,MachineGames,Bethesda Softworks,2015-05-04,19.99,19.99,0,18761,2052,20813,90.1,1000000,2000000,1500000,157,2015,5
9350,Supreme Commander,Gas Powered Games,Square Enix,2011-09-28,12.99,12.99,0,2615,324,2939,89.0,1000000,2000000,1500000,40,2011,9
1238000,Mass Effect: Andromeda Deluxe Edition,BioWare,Electronic Arts,2020-06-11,39.99,39.99,0,12344,4232,16576,74.5,1000000,2000000,1500000,285,2020,6
91600,Sanctum,Coffee Stain Studios,Coffee Stain Publishing,2011-04-15,9.99,9.99,0,2943,359,3302,89.1,1000000,2000000,1500000,4,2011,4
1338770,Sniper Ghost Warrior Contracts 2,CI Games,CI Games,2021-06-04,39.99,39.99,0,10606,1975,12581,84.3,1000000,2000000,1500000,217,2021,6
410110,12 is Better Than 6,Ink Stains Games,HypeTrain Digital,2015-11-20,9.99,9.99,0,6152,1217,7369,83.5,1000000,2000000,1500000,9,2015,11
597820,BIOMUTANT,Experiment 101,THQ Nordic,2021-05-25,9.99,39.99,75,12840,6587,19427,66.1,1000000,2000000,1500000,37,2021,5
1954200,Kena: Bridge of Spirits,Ember Lab,Ember Lab,2022-09-26,39.99,39.99,0,14031,1209,15240,92.1,1000000,2000000,1500000,43,2022,9
485610,Soccer Online: Ball 3D,Unusualsoft,Unusualsoft,2017-03-31,0.99,0.99,0,8539,1552,10091,84.6,1000000,2000000,1500000,77,2017,3
1285670,Post Void,YCJY Games,YCJY Games,2020-08-06,2.99,2.99,0,10588,307,10895,97.2,1000000,2000000,1500000,8,2020,8
362680,Fran Bow,Killmonday Games AB,Killmonday Games AB,2015-08-27,14.99,14.99,0,18502,514,19016,97.3,1000000,2000000,1500000,80,2015,8
689580,TurnSignal,Ben Otter,Otter-Co,2017-08-28,0.0,0.0,0,634,62,696,91.1,1000000,2000000,1500000,44,2017,8
331360,Heavy Metal Machines,Hoplon,Forthright Entertainment,2018-09-19,0.0,0.0,0,2983,986,3969,75.2,1000000,2000000,1500000,0,2018,9
313160,Farming Simulator 15,GIANTS Software,GIANTS Software,2014-10-30,12.99,12.99,0,14243,1193,15436,92.3,1000000,2000000,1500000,84,2014,10
257850,Hyper Light Drifter,Heart Machine,Heart Machine,2016-03-31,4.99,19.99,75,16617,1226,17843,93.1,1000000,2000000,1500000,44,2016,3
1127400,Mindustry,AnukenDev,AnukenDev,2019-09-26,9.99,9.99,0,21329,937,22266,95.8,1000000,2000000,1500000,658,2019,9
19680,Alice: Madness Returns,Spicy Horse Games,Electronic Arts,2011-06-17,9.99,9.99,0,21729,2358,24087,90.2,1000000,2000000,1500000,260,2011,6
493900,Dungeons 3,Realmforge Studios,Kalypso Media,2017-10-13,29.99,29.99,0,17320,1062,18382,94.2,1000000,2000000,1500000,62,2017,10
479130,ESEA,ESEA,ESEA,2016-07-08,0.0,0.0,0,3052,1125,4177,73.1,1000000,2000000,1500000,1,2016,7
2593370,The Hungry Lamb: Traveling in the Late Ming Dynasty,零创游戏(ZerocreationGame),"零创游戏(ZerocreationGame), 2P Games",2024-04-22,6.29,9.99,37,50859,1921,52780,96.4,1000000,2000000,1500000,181,2024,4
298240,War Trigger 3,"Rocketeer Games Studio, LLC","Rocketeer Games Studio, LLC",2015-12-22,0.0,0.0,0,4896,3328,8224,59.5,500000,1000000,750000,9,2015,12
247000,Talisman: Digital Classic Edition,Nomad Games,Nomad Games,2014-02-25,6.99,6.99,0,7569,2092,9661,78.3,500000,1000000,750000,102,2014,2
1116960,UNDEFEATED,"UNDEFEATED Games, Indie-us Games",Vantan Game Academy,2019-08-02,0.0,0.0,0,6046,867,6913,87.5,500000,1000000,750000,22,2019,8
240760,Wasteland 2: Director's Cut,inXile Entertainment,inXile Entertainment,2014-09-18,29.99,29.99,0,6641,1413,8054,82.5,500000,1000000,750000,10,2014,9
1283970,YoloMouse - Cursor Changer,Dragonrise Games,Dragonrise Games,2020-05-01,4.99,4.99,0,2159,177,2336,92.4,500000,1000000,750000,8493,2020,5
493490,City Car Driving,"Forward Development, Ltd.","Forward Global Group, Ltd.",2016-11-03,13.74,24.99,45,24830,5346,30176,82.3,500000,1000000,750000,484,2016,11
46500,Syberia,Microids,Microids,2011-05-19,12.99,12.99,0,5566,739,6305,88.3,500000,1000000,750000,25,2011,5
1245250,Thrive: Heavy Lies The Crown,Zugalu Entertainment,PlaySide,2025-06-18,13.99,27.99,50,179,69,248,72.2,500000,1000000,750000,6,2025,6
1812620,DSX,Paliverse,Paliverse,2022-06-24,7.99,7.99,0,3667,1706,5373,68.2,500000,1000000,750000,5121,2022,6
22600,Worms Reloaded,Team17 Digital Ltd,Team17 Digital Ltd,2010-08-26,19.99,19.99,0,4236,631,4867,87.0,500000,1000000,750000,24,2010,8
1226470,Shadow Arena,Pearl Abyss,Pearl Abyss,2020-05-21,0.0,0.0,0,3064,2420,5484,55.9,500000,1000000,750000,0,2020,5
2990,FlatOut 2,"Bugbear Entertainment, ZOOM Platform Media, Jordan Freeman Group",Strategy First,2006-12-21,9.99,9.99,0,17923,737,18660,96.1,500000,1000000,750000,85,2006,12
312670,Strange Brigade,Rebellion,Rebellion,2018-08-27,49.99,49.99,0,9034,1694,10728,84.2,500000,1000000,750000,18,2018,8
384190,ABZU,Giant Squid,505 Games,2016-08-02,19.99,19.99,0,24253,1860,26113,92.9,500000,1000000,750000,10,2016,8
875210,Kingdom Heroes 8,"USERJOY Technology Co.,Ltd.","USERJOY Technology Co.,Ltd., Phoenix Game",2021-01-12,29.99,29.99,0,7842,6640,14482,54.1,500000,1000000,750000,257,2021,1
17340,Crysis Warhead,Crytek,Electronic Arts,2008-09-17,19.99,19.99,0,1783,324,2107,84.6,500000,1000000,750000,1,2008,9
1985810,Call of Duty: Black Ops Cold War,"Treyarch, Raven Software, High Moon Studios, Beenox, Activision Shanghai, Sledgehammer Games",Activision,2023-03-08,59.99,59.99,0,15797,3923,19720,80.1,500000,1000000,750000,644,2023,3
861650,Session: Skate Sim,crea-ture Studios Inc.,Nacon,2022-09-22,9.99,39.99,75,12016,2383,14399,83.5,500000,1000000,750000,262,2022,9
445980,Wizard of Legend,Contingent99,"Contingent99, Balor Games",2018-05-15,15.99,15.99,0,18633,1887,20520,90.8,500000,1000000,750000,70,2018,5
2140020,Stronghold: Definitive Edition,Firefly Studios,Firefly Studios,2023-11-07,14.99,14.99,0,7470,1211,8681,86.0,500000,1000000,750000,236,2023,11
501300,What Remains of Edith Finch,Giant Sparrow,Annapurna Interactive,2017-04-24,19.99,19.99,0,43128,1925,45053,95.7,500000,1000000,750000,70,2017,4
65540,Gothic 1,Piranha Bytes,THQ Nordic,2001-03-15,19.99,19.99,0,14629,1233,15862,92.2,500000,1000000,750000,103,2001,3
1162520,Richman10,"Softstar Technology (Beijing) Co.,Ltd",SOFTSTAR ENTERTAINMENT,2019-10-24,13.99,13.99,0,7451,6871,14322,52.0,500000,1000000,750000,255,2019,10
409160,"Dr. Langeskov, The Tiger, and The Terribly Cursed Emerald: A Whirlwind Heist",Crows Crows Crows,Crows Crows Crows,2015-12-04,0.0,0.0,0,9108,665,9773,93.2,500000,1000000,750000,2,2015,12
319910,Trine 3: The Artifacts of Power,Frozenbyte,Frozenbyte,2015-08-20,21.99,21.99,0,5598,3261,8859,63.2,500000,1000000,750000,9,2015,8
562810,MONOPOLY PLUS,Ubisoft Pune,Ubisoft,2017-09-07,0.0,0.0,0,6919,9432,16351,42.3,500000,1000000,750000,39,2017,9
301910,Saints Row: Gat out of Hell,"Deep Silver Volition, High Voltage Software",Deep Silver,2015-01-20,14.99,14.99,0,7190,2362,9552,75.3,500000,1000000,750000,10,2015,1
955900,Amazing Cultivation Simulator,GSQ Games,"GSQ Games, Gamirror Games",2020-11-24,24.99,24.99,0,19720,3289,23009,85.7,500000,1000000,750000,598,2020,11
1543030,Sword and Fairy 7,软星科技(SoftStarlight),"方块游戏(CubeGame), 软星科技(SoftStarlight)",2021-10-21,29.99,29.99,0,13296,5058,18354,72.4,500000,1000000,750000,68,2021,10
351470,Sometimes: Success Requires Sacrifice,Volens Nolens Games,Volens Nolens Games,2015-02-27,0.0,0.0,0,430,172,602,71.4,500000,1000000,750000,1,2015,2
17450,Dragon Age: Origins,BioWare,Electronic Arts,2009-11-06,29.99,29.99,0,9656,870,10526,91.7,500000,1000000,750000,7,2009,11
1084600,My Time at Sandrock,Pathea Games,"Pathea Games, Focus Entertainment, PM Studios, Inc., DMM Games",2023-11-02,39.99,39.99,0,23218,3065,26283,88.3,500000,1000000,750000,1501,2023,11
677120,Heroes of Hammerwatch,Crackshell,Team17,2018-03-01,14.99,14.99,0,8061,1123,9184,87.8,500000,1000000,750000,50,2018,3
960910,Heavy Rain,Quantic Dream,Quantic Dream,2020-06-18,1.99,19.99,90,16745,2962,19707,85.0,500000,1000000,750000,199,2020,6
367450,Poly Bridge,Dry Cactus,Dry Cactus,2016-07-12,9.99,9.99,0,16075,1509,17584,91.4,500000,1000000,750000,66,2016,7
1025580,Vainglory,Super Evil Megacorp,Super Evil Megacorp,2019-02-13,0.0,0.0,0,2734,1435,4169,65.6,500000,1000000,750000,0,2019,2
388090,Five Nights at Freddy's 4,Scott Cawthon,Scott Cawthon,2015-07-23,7.99,7.99,0,13686,1065,14751,92.8,500000,1000000,750000,22,2015,7
3990,Civilization IV: Warlords,Firaxis Games,2K,2007-04-06,4.99,4.99,0,442,44,486,90.9,500000,1000000,750000,144,2007,4
2138710,Sifu,Sloclap,"Sloclap, Kepler Interactive",2023-03-28,39.99,39.99,0,19536,1593,21129,92.5,500000,1000000,750000,394,2023,3
489520,Minion Masters,BetaDwarf,BetaDwarf,2019-05-24,0.0,0.0,0,58108,6797,64905,89.5,500000,1000000,750000,310,2019,5
1549180,Propnight,FNTASTIC,Mytona Fntastic,2021-12-01,0.0,0.0,0,13055,7234,20289,64.3,500000,1000000,750000,1,2021,12
1659420,UNCHARTED: Legacy of Thieves Collection,"Naughty Dog LLC, Iron Galaxy Studios",PlayStation Publishing LLC,2022-10-19,49.99,49.99,0,26740,2949,29689,90.1,500000,1000000,750000,467,2022,10
704450,Neverwinter Nights: Enhanced Edition,Beamdog,Beamdog,2018-03-27,19.99,19.99,0,7717,850,8567,90.1,500000,1000000,750000,753,2018,3
1949190,Necrosmith,Alawar,Alawar,2022-07-13,1.19,2.99,60,4375,719,5094,85.9,500000,1000000,750000,9,2022,7
690830,Foundation,Polymorph Games,Polymorph Games,2025-01-31,34.99,34.99,0,17195,2937,20132,85.4,500000,1000000,750000,844,2025,1
1361000,In Silence,Ravenhood Games,Ravenhood Games,2021-10-29,9.99,9.99,0,8945,2850,11795,75.8,500000,1000000,750000,26,2021,10
650700,Yume Nikki,kikiyama,PLAYISM,2018-01-09,0.0,0.0,0,8120,509,8629,94.1,500000,1000000,750000,36,2018,1
323910,SteamVR Performance Test,Valve,DNVR Prod,2016-02-22,0.0,0.0,0,4129,1265,5394,76.5,500000,1000000,750000,16,2016,2
211600,Thief Gold (1999),Looking Glass Studios,Eidos Interactive Corp.,2012-05-22,6.99,6.99,0,3567,295,3862,92.4,500000,1000000,750000,19,2012,5
386070,Planetary Annihilation: TITANS,Planetary Annihilation Inc,Planetary Annihilation Inc,2015-08-18,29.99,29.99,0,11976,2149,14125,84.8,500000,1000000,750000,102,2015,8
1336490,Against the Storm,Eremite Games,Hooded Horse,2023-12-08,29.99,29.99,0,29837,1575,31412,95.0,500000,1000000,750000,958,2023,12
201230,EverQuest II,Darkpaw Games,Daybreak Game Company,2011-12-07,0.0,0.0,0,2150,554,2704,79.5,500000,1000000,750000,143,2011,12
230230,Divinity: Original Sin (Classic),Larian Studios,Larian Studios,2014-06-30,39.99,39.99,0,10798,987,11785,91.6,500000,1000000,750000,13,2014,6
238260,Pinball Arcade,FarSight Studios,FarSight Studios,2013-11-04,0.0,0.0,0,3002,1078,4080,73.6,500000,1000000,750000,27,2013,11
1850740,Ghost Watchers,Renderise,Renderise,2025-07-24,14.99,14.99,0,13093,2058,15151,86.4,500000,1000000,750000,95,2025,7
1149460,ICARUS,RocketWerkz,RocketWerkz,2021-12-03,34.99,34.99,0,34070,13002,47072,72.4,500000,1000000,750000,1492,2021,12
391070,Stellar 2D,quad games,Back To Basics Gaming,2015-07-30,0.99,1.99,50,393,575,968,40.6,500000,1000000,750000,0,2015,7
1009850,OVR Advanced Settings,OVRAS Team,OVRAS Team,2020-04-14,7.99,7.99,0,4200,345,4545,92.4,500000,1000000,750000,3358,2020,4
838380,DEAD OR ALIVE 6,"KOEI TECMO GAMES CO., LTD.","KOEI TECMO GAMES CO., LTD.",2019-02-28,59.99,59.99,0,6975,2340,9315,74.9,500000,1000000,750000,63,2019,2
1207650,Suzerain,Torpor Games,Torpor Games,2020-12-04,19.99,19.99,0,8658,608,9266,93.4,500000,1000000,750000,258,2020,12
203750,Binary Domain,Devil's Details,SEGA,2012-04-27,14.99,14.99,0,6594,1107,7701,85.6,500000,1000000,750000,8,2012,4
835860,Dreadnought,"Six Foot, YAGER","Grey Box, Six Foot",2018-10-14,0.0,0.0,0,4450,2090,6540,68.0,500000,1000000,750000,0,2018,10
2408820,Luma Island,Feel Free Games,Feel Free Games,2024-11-20,19.99,19.99,0,7995,1538,9533,83.9,500000,1000000,750000,487,2024,11
1669000,Age of Wonders 4,Triumph Studios,Paradox Interactive,2023-05-02,24.99,49.99,50,14901,3350,18251,81.6,500000,1000000,750000,1707,2023,5
970830,The Dungeon Of Naheulbeuk: The Amulet Of Chaos,Artefacts Studio,"Dear Villagers, E-Home Entertainment",2020-09-17,34.99,34.99,0,6538,931,7469,87.5,500000,1000000,750000,99,2020,9
368360,60 Seconds!,Robot Gentleman,Robot Gentleman,2015-05-25,8.99,8.99,0,9749,1768,11517,84.6,500000,1000000,750000,27,2015,5
512470,The Pirate: Caribbean Hunt,Home Net Games,Home Net Games,2016-08-24,0.0,0.0,0,3659,781,4440,82.4,500000,1000000,750000,20,2016,8
1692250,F1 22,Codemasters,Electronic Arts,2022-07-01,0.0,0.0,0,17694,8046,25740,68.7,500000,1000000,750000,234,2022,7
376210,The Isle,Afterthought LLC,Afterthought LLC,2015-12-01,19.99,19.99,0,77185,17619,94804,81.4,500000,1000000,750000,5946,2015,12
374280,Hired Ops,Absolut Soft LLC,Panomix Studio,2021-04-13,0.0,0.0,0,10532,5109,15641,67.3,500000,1000000,750000,108,2021,4
476620,Call of Duty: WWII,"Sledgehammer Games, Raven Software",Activision,2017-11-02,59.99,59.99,0,11394,8523,19917,57.2,500000,1000000,750000,75,2017,11
1133060,Anarchy: Wolf's law,Anarchy Games,Anarchy Games,2023-06-08,9.99,9.99,0,595,159,754,78.9,500000,1000000,750000,3,2023,6
253030,Race The Sun,Flippfly LLC,Flippfly LLC,2013-12-09,9.99,9.99,0,5895,401,6296,93.6,500000,1000000,750000,6,2013,12
985890,Streets of Rage 4,"Dotemu, Guard Crush, Lizardcube",Dotemu,2020-04-30,24.99,24.99,0,16617,1298,17915,92.8,500000,1000000,750000,72,2020,4
212800,Super Crate Box,Vlambeer,Vlambeer,2012-08-29,0.0,0.0,0,5770,716,6486,89.0,500000,1000000,750000,8,2012,8
28000,Kane & Lynch 2: Dog Days,IO Interactive,Square Enix,2010-08-17,9.99,9.99,0,5816,3061,8877,65.5,500000,1000000,750000,11,2010,8
1030210,Torchlight III,Echtra Inc.,XD,2020-10-13,5.99,39.99,85,5225,6005,11230,46.5,500000,1000000,750000,44,2020,10
488860,MADNESS: Project Nexus,"GIBBING TREE, LLC","GIBBING TREE, LLC",2021-09-29,24.99,24.99,0,15360,438,15798,97.2,500000,1000000,750000,190,2021,9
468920,Ultimate Fishing Simulator,"Ultimate Games S.A., Bit Golem","Ultimate Games S.A., PlayWay S.A.",2018-08-30,19.99,19.99,0,7014,803,7817,89.7,500000,1000000,750000,37,2018,8
394230,Battleborn,Gearbox Software,2K,2016-05-03,0.0,0.0,0,6079,3649,9728,62.5,500000,1000000,750000,1,2016,5
375230,"Warhammer 40,000: Eternal Crusade",Behaviour Interactive Inc.,Behaviour Interactive Inc.,2016-09-23,0.0,0.0,0,6274,6280,12554,50.0,500000,1000000,750000,0,2016,9
1693980,Dead Space,Motive,Electronic Arts,2023-01-27,59.99,59.99,0,46485,4774,51259,90.7,500000,1000000,750000,313,2023,1
1971870,Mortal Kombat 1,"NetherRealm Studios, QLOC",Warner Bros. Games,2023-09-19,9.99,49.99,80,25879,11246,37125,69.7,500000,1000000,750000,1149,2023,9
1432860,Sun Haven,Pixel Sprout Studios,Pixel Sprout Studios,2023-03-10,7.49,24.99,70,18523,3933,22456,82.5,500000,1000000,750000,653,2023,3
1249800,Xuan-Yuan Sword VII,"SOFTSTAR, DOMO Studio","SOFTSTAR, Yooreka Studio",2020-10-28,34.99,34.99,0,5949,3535,9484,62.7,500000,1000000,750000,4,2020,10
1388880,Doki Doki Literature Club Plus!,Team Salvato,Serenity Forge,2021-06-30,10.04,14.99,33,26680,859,27539,96.9,500000,1000000,750000,76,2021,6
1674470,ELYON,"Bluehole Studio, Inc.",Kakao Games Europe B.V.,2021-10-20,0.0,0.0,0,2375,2014,4389,54.1,500000,1000000,750000,0,2021,10
39190,Dungeon Siege,Gas Powered Games,Square Enix,2011-04-05,6.99,6.99,0,3217,724,3941,81.6,500000,1000000,750000,32,2011,4
228300,Remember Me,DONTNOD Entertainment,Capcom,2013-06-03,29.99,29.99,0,13365,2732,16097,83.0,500000,1000000,750000,17,2013,6
569610,Distant Space,PixelMouse,PixelMouse,2016-12-20,0.99,0.99,0,317,82,399,79.4,500000,1000000,750000,1,2016,12
343270,Disillusions Manga Horror,StephenAllen,StephenAllen,2015-01-16,1.99,1.99,0,319,218,537,59.4,500000,1000000,750000,0,2015,1
234330,MARVEL Puzzle Quest,Broken Circle Studios,505 Go Inc,2013-12-05,0.0,0.0,0,3068,1319,4387,69.9,500000,1000000,750000,271,2013,12
814540,Changed,DragonSnow,DragonSnow,2018-04-04,4.99,4.99,0,14935,2269,17204,86.8,500000,1000000,750000,31,2018,4
1209040,Cyber Hunter,NetEase Games,NetEase Games,2020-06-18,0.0,0.0,0,7919,3017,10936,72.4,500000,1000000,750000,1,2020,6
242640,Styx: Master of Shadows,Cyanide Studio,"Cyanide Studio, Nacon",2014-10-07,19.99,19.99,0,8795,1795,10590,83.1,500000,1000000,750000,37,2014,10
813630,Supraland,Supra Games,Supra Games,2019-04-05,19.99,19.99,0,12526,628,13154,95.2,500000,1000000,750000,103,2019,4
1397920,Mr.Mine,Playsaurus,Playsaurus,2020-09-30,0.0,0.0,0,15826,1390,17216,91.9,500000,1000000,750000,914,2020,9
205710,EverQuest,Darkpaw Games,Daybreak Game Company,2012-12-13,0.0,0.0,0,1938,465,2403,80.6,500000,1000000,750000,456,2012,12
414530,Skyforge,Innova Co SARL,Innova Co SARL,2017-04-13,0.0,0.0,0,2589,1746,4335,59.7,500000,1000000,750000,20,2017,4
217750,Age of Conan: Unchained,Funcom,Funcom,2013-02-22,0.0,0.0,0,1901,840,2741,69.4,500000,1000000,750000,42,2013,2
711810,Never Split the Party,Legend Studio,Legend Studio,2019-05-03,0.0,0.0,0,3326,1029,4355,76.4,500000,1000000,750000,12,2019,5
1105670,The Last Spell,Ishtar Games,"Nacon, The Arcade Crew, Gamera Games, DANGEN Entertainment",2023-03-09,24.99,24.99,0,10557,939,11496,91.8,500000,1000000,750000,424,2023,3
298260,Only If,Creability,Creability,2014-07-25,0.0,0.0,0,3699,2246,5945,62.2,500000,1000000,750000,2,2014,7
2141730,Backrooms: Escape Together,Triiodide Studios,Triiodide Studios,2022-10-18,9.99,9.99,0,19915,2854,22769,87.5,500000,1000000,750000,569,2022,10
1451190,Undisputed,Steel City Interactive,Deep Silver,2024-10-08,19.99,49.99,60,12158,7191,19349,62.8,500000,1000000,750000,503,2024,10
40390,Risen 2: Dark Waters,Piranha Bytes,THQ Nordic,2012-04-26,9.99,9.99,0,5082,1275,6357,79.9,500000,1000000,750000,32,2012,4
91330,Iron Front: Digital War Edition,"X1 Software, AWAR",Deep Silver,2012-05-25,14.99,14.99,0,503,348,851,59.1,500000,1000000,750000,0,2012,5
839200,SpedV,Freie Programme Hohenstein,Freie Programme Hohenstein,2018-12-26,0.0,0.0,0,720,205,925,77.8,500000,1000000,750000,51,2018,12
287980,Mini Metro,Dinosaur Polo Club,Dinosaur Polo Club,2015-11-06,9.99,9.99,0,15064,608,15672,96.1,500000,1000000,750000,119,2015,11
1088710,Yakuza 3 Remastered,Ryu Ga Gotoku Studio,SEGA,2021-01-28,19.99,19.99,0,7364,1767,9131,80.6,500000,1000000,750000,101,2021,1
2427700,Backpack Battles,PlayWithFurcifer,"IndieArk, Shochiku (Japan)",2025-06-13,14.99,14.99,0,13410,1370,14780,90.7,500000,1000000,750000,1806,2025,6
760060,Mutant Year Zero: Road to Eden,The Bearded Ladies,Funcom,2018-12-04,10.49,34.99,70,18032,1896,19928,90.5,500000,1000000,750000,63,2018,12
359800,Copa Petrobras de Marcas,Reiza Studios,Reiza Studios,2015-04-08,0.0,0.0,0,1860,932,2792,66.6,500000,1000000,750000,20,2015,4
1003590,Tetris Effect: Connected,"Monstars Inc., Resonair, Stage Games",Enhance,2021-08-17,39.99,39.99,0,7528,404,7932,94.9,500000,1000000,750000,99,2021,8
1989270,Slay the Princess — The Pristine Cut,Black Tabby Games,"Black Tabby Games, Serenity Forge",2023-10-23,8.99,17.99,50,23265,698,23963,97.1,500000,1000000,750000,134,2023,10
12830,Operation Flashpoint: Dragon Rising,Codemasters,"Codemasters, Electronic Arts",2009-10-06,0.0,0.0,0,1676,751,2427,69.1,500000,1000000,750000,5,2009,10
731040,The Invincible,Starward Industries,11 bit studios,2023-11-06,29.99,29.99,0,6306,821,7127,88.5,500000,1000000,750000,22,2023,11
545110,Driver Booster 4 for Steam,IObit,IObit,2016-11-07,0.0,0.0,0,631,201,832,75.8,500000,1000000,750000,2,2016,11
297130,Titan Souls,Acid Nerve,Devolver Digital,2015-04-14,1.49,14.99,90,10347,2766,13113,78.9,500000,1000000,750000,23,2015,4
7520,Two Worlds II HD,Reality Pump Studios,"Topware Interactive, ACE",2011-02-03,24.99,24.99,0,4224,2476,6700,63.0,500000,1000000,750000,27,2011,2
885970,Total War: ROME REMASTERED,"Creative Assembly, Feral Interactive",SEGA,2021-04-29,29.99,29.99,0,9102,2860,11962,76.1,500000,1000000,750000,764,2021,4
1359090,Zero Hour,AttritoM7 Productions,AttritoM7 Productions,2024-09-09,9.99,9.99,0,24924,6706,31630,78.8,500000,1000000,750000,75,2024,9
895870,Project Wingman,Sector D2,"Sector D2, Balor Games",2020-12-01,12.49,24.99,50,18028,1189,19217,93.8,500000,1000000,750000,96,2020,12
1233570,Mirror's Edge Catalyst,DICE,Electronic Arts,2020-06-04,19.99,19.99,0,12334,2963,15297,80.6,500000,1000000,750000,39,2020,6
305050,Outland,Housemarque,Housemarque,2014-09-29,0.0,0.0,0,3165,770,3935,80.4,500000,1000000,750000,0,2014,9
249230,Risen 3 - Titan Lords,Piranha Bytes,THQ Nordic,2014-08-12,3.74,14.99,75,4553,1560,6113,74.5,500000,1000000,750000,46,2014,8
847370,Sunset Overdrive,"Insomniac Games, Blind Squirrel Games",Xbox Game Studios,2018-11-16,19.99,19.99,0,11638,1261,12899,90.2,500000,1000000,750000,73,2018,11
241540,State of Decay,Undead Labs,Xbox Game Studios,2013-11-05,0.0,0.0,0,14817,2711,17528,84.5,500000,1000000,750000,7,2013,11
1592190,BONELAB,Stress Level Zero,Stress Level Zero,2022-09-29,39.99,39.99,0,12888,3393,16281,79.2,500000,1000000,750000,173,2022,9
1372640,Candle In Darkness,"Shub-Niggurath Games, ShopaLover",ShopaLover,2023-09-16,4.99,4.99,0,6,2,8,75.0,500000,1000000,750000,0,2023,9
1333350,Angel Legion,Shanghai SilverMoon Network Technology Co.Ltd,Shanghai SilverMoon Network Technology Co.Ltd,2020-08-14,0.0,0.0,0,9717,1727,11444,84.9,500000,1000000,750000,450,2020,8
2700,RollerCoaster Tycoon 3: Platinum,"Frontier, Aspyr (Mac)","Frontier, Aspyr (Mac)",2008-03-12,0.0,0.0,0,4754,425,5179,91.8,500000,1000000,750000,32,2008,3
342180,Arizona Sunshine VR Legacy,"Vertigo Games, Jaywalkers Interactive",Vertigo Games,2016-12-06,14.99,14.99,0,7354,1911,9265,79.4,500000,1000000,750000,29,2016,12
485310,Head Shot,Indie Game Group,Indie Game Group,2016-06-03,6.99,6.99,0,968,852,1820,53.2,500000,1000000,750000,0,2016,6
206190,Gunpoint,Suspicious Developments,Suspicious Developments,2013-06-03,9.99,9.99,0,12770,323,13093,97.5,500000,1000000,750000,11,2013,6
439350,Kritika:REBOOT,"ALLM Co., Ltd.","ALLM Co., Ltd.",2019-11-11,0.0,0.0,0,3478,1074,4552,76.4,500000,1000000,750000,0,2019,11
609320,FAR: Lone Sails,Okomotive,Okomotive,2018-05-17,14.99,14.99,0,21211,1104,22315,95.1,500000,1000000,750000,112,2018,5
1288310,Firework,Shiying Studio,Gamirror Games,2021-02-03,9.99,9.99,0,40672,886,41558,97.9,500000,1000000,750000,40,2021,2
264200,One Finger Death Punch,Silver Dollar Games,Silver Dollar Games,2014-03-03,4.99,4.99,0,15955,336,16291,97.9,500000,1000000,750000,9,2014,3
427410,Abiotic Factor,Deep Field Games,Playstack,2025-07-22,34.99,34.99,0,30157,1117,31274,96.4,500000,1000000,750000,1458,2025,7
1948280,Stacklands,Sokpop Collective,Sokpop Collective,2022-04-08,7.99,7.99,0,0,0,0,,500000,1000000,750000,347,2022,4
1881700,Undawn,Lightspeed Studios,Level Infinite,2023-06-13,0.0,0.0,0,3439,2906,6345,54.2,500000,1000000,750000,451,2023,6
24790,Command & Conquer 3: Tiberium Wars,EA Los Angeles,Electronic Arts,2009-11-13,19.88,19.88,0,7649,848,8497,90.0,500000,1000000,750000,276,2009,11
673610,Airport CEO,Apog Labs,Apog Labs,2021-03-04,24.99,24.99,0,6433,1251,7684,83.7,500000,1000000,750000,182,2021,3
1120810,Eastern Exorcist,Wildfire Game（无锡野火数字科技有限公司）,Wildfire Game（无锡野火数字科技有限公司）,2021-07-07,17.99,17.99,0,5497,993,6490,84.7,500000,1000000,750000,6,2021,7
1390350,Webbed,Sbug Games,Sbug Games,2021-09-09,6.99,9.99,30,13512,326,13838,97.6,500000,1000000,750000,23,2021,9
1010750,Blood Fresh Supply,"Nightdive Studios, Monolith Productions",Atari,2019-05-09,9.99,9.99,0,6775,305,7080,95.7,500000,1000000,750000,40,2019,5
1469280,SuchArt: Creative Space,Goose Minded,HypeTrain Digital,2021-01-21,0.0,0.0,0,6872,144,7016,97.9,500000,1000000,750000,16,2021,1
620590,Ancestors Legacy,Destructive Creations,Destructive Creations,2018-05-22,34.99,34.99,0,6597,1776,8373,78.8,500000,1000000,750000,34,2018,5
331470,Everlasting Summer,Soviet Games,Soviet Games,2014-11-19,0.0,0.0,0,71592,3922,75514,94.8,500000,1000000,750000,318,2014,11
529180,Dark and Light,Snail Games USA,Snail Games USA,2017-07-20,17.99,17.99,0,6133,5557,11690,52.5,500000,1000000,750000,35,2017,7
2208920,Assassin's Creed Valhalla,Ubisoft Montreal,Ubisoft,2022-12-06,11.99,59.99,80,21554,9420,30974,69.6,500000,1000000,750000,1379,2022,12
1178490,港詭實錄ParanormalHK,Ghostpie Studio,"Ghostpie Studio, Gamera Games",2020-01-06,12.99,12.99,0,17056,1889,18945,90.0,500000,1000000,750000,170,2020,1
1449690,The Walking Dead: The Telltale Definitive Series,Skybound Games,Skybound Games,2020-10-29,49.99,49.99,0,29969,1072,31041,96.5,500000,1000000,750000,677,2020,10
2406770,Bodycam,Reissad Studio,Reissad Studio,2024-06-07,33.32,33.32,0,25297,8507,33804,74.8,500000,1000000,750000,422,2024,6
428950,"Kivi, Toilet and Shotgun",16bit Nights,Back To Basics Gaming,2016-01-15,0.99,1.99,50,261,244,505,51.7,500000,1000000,750000,0,2016,1
891040,Pool 2D - Poolians,Poolians.com,Poolians.com,2019-12-10,0.0,0.0,0,8222,1216,9438,87.1,500000,1000000,750000,262,2019,12
390670,Steel Ocean,Changyou.com Limited,Changyou.com Limited,2015-11-12,0.0,0.0,0,3086,1381,4467,69.1,500000,1000000,750000,0,2015,11
1108320,妄想破绽 Broken Delusion,,bilibili,2019-11-27,6.99,6.99,0,2443,1589,4032,60.6,500000,1000000,750000,0,2019,11
519190,Next Day: Survival,SOFF Games,Last Level,2018-05-21,9.99,9.99,0,6433,3857,10290,62.5,500000,1000000,750000,3,2018,5
321360,Primal Carnage: Extinction,"Circle Five Studios, Pub Games",Circle Five Publishing,2015-04-03,12.99,12.99,0,7689,1548,9237,83.2,500000,1000000,750000,34,2015,4
606880,GreedFall,Spiders,Focus Entertainment,2019-09-09,34.99,34.99,0,15429,4673,20102,76.8,500000,1000000,750000,69,2019,9
690510,Immortal Soul: Black Survival,Nimble Neuron,"Nimble Neuron, Boltrend Global PTE.LTD",2019-03-19,0.0,0.0,0,4410,974,5384,81.9,500000,1000000,750000,1,2019,3
237850,Dreamfall Chapters,Red Thread Games,Red Thread Games,2017-07-21,24.99,24.99,0,3664,776,4440,82.5,500000,1000000,750000,6,2017,7
724970,神舞幻想 Faith of Danschant,北京九鳳信息科技有限公司,北京网元圣唐娱乐科技有限公司,2017-12-21,29.99,29.99,0,2904,1887,4791,60.6,500000,1000000,750000,8,2017,12
1147690,NGU IDLE,4G,4G,2019-10-01,0.0,0.0,0,11564,504,12068,95.8,500000,1000000,750000,3382,2019,10
45760,Ultra Street Fighter IV,Capcom,Capcom,2014-08-07,29.99,29.99,0,14173,1536,15709,90.2,500000,1000000,750000,188,2014,8
274920,FaceRig,Holotech Studios,Holotech Studios,2015-07-07,0.0,0.0,0,6767,1622,8389,80.7,500000,1000000,750000,105,2015,7
212200,Mabinogi,NEXON Korea Corporation,Nexon America Inc.,2012-12-06,0.0,0.0,0,2932,1044,3976,73.7,500000,1000000,750000,559,2012,12
638230,Journey,thatgamecompany,Annapurna Interactive,2020-06-11,14.99,14.99,0,32549,1963,34512,94.3,500000,1000000,750000,60,2020,6
359840,Shift Happens,Klonk Games,Daedalic Entertainment,2017-02-22,15.99,15.99,0,3192,861,4053,78.8,500000,1000000,750000,16,2017,2
1970580,Backpack Hero,Jaspel,"Pretty Soon, IndieArk",2023-11-14,19.99,19.99,0,6744,948,7692,87.7,500000,1000000,750000,248,2023,11
798420,Professional Fishing,MasterCode,Ultimate Games S.A.,2018-11-30,0.0,0.0,0,3073,923,3996,76.9,500000,1000000,750000,38,2018,11
1017900,Age of Empires: Definitive Edition,"World's Edge, Forgotten Empires, Tantalus",Xbox Game Studios,2019-08-19,19.99,19.99,0,11700,2240,13940,83.9,500000,1000000,750000,559,2019,8
370240,NBA 2K16,Visual Concepts,2K,2015-09-29,0.0,0.0,0,3817,3556,7373,51.8,500000,1000000,750000,30,2015,9
257730,Infinity Wars: Animated Trading Card Game,Lightmare Studios,Lightmare Studios,2014-09-05,0.0,0.0,0,2675,792,3467,77.2,500000,1000000,750000,10,2014,9
1015500,WWE 2K20,Visual Concepts,2K,2019-10-21,0.0,0.0,0,2517,3384,5901,42.7,500000,1000000,750000,4,2019,10
1898300,ASKA,Sand Sailor Studio,Thunderful Publishing,2024-06-20,24.99,24.99,0,5660,1415,7075,80.0,500000,1000000,750000,701,2024,6
327030,Worms W.M.D,Team17,Team17,2016-08-23,5.99,29.99,80,10843,1818,12661,85.6,500000,1000000,750000,181,2016,8
337950,The SKIES - BETA,Eforb,Eforb,2016-04-16,0.0,0.0,0,1655,2288,3943,42.0,500000,1000000,750000,0,2016,4
446150,GUNS UP!,"Valkyrie Entertainment, LLC",PlayStation PC LLC,2018-02-05,0.0,0.0,0,4993,1679,6672,74.8,500000,1000000,750000,0,2018,2
508290,$1 Ride,BeHappy Studios,Back To Basics Gaming,2016-07-28,0.99,1.99,50,460,488,948,48.5,500000,1000000,750000,0,2016,7
1127500,Mini Motorways,Dinosaur Polo Club,Dinosaur Polo Club,2021-07-20,9.99,9.99,0,20615,817,21432,96.2,500000,1000000,750000,328,2021,7
346940,Shadowrun: Hong Kong - Extended Edition,Harebrained Schemes,Paradox Interactive,2015-08-20,19.99,19.99,0,4030,614,4644,86.8,500000,1000000,750000,25,2015,8
331600,One Piece Pirate Warriors 3,"KOEI TECMO GAMES CO., LTD.",BANDAI NAMCO Entertainment,2015-08-27,3.99,39.99,90,8187,2165,10352,79.1,500000,1000000,750000,32,2015,8
48240,Anno 2070,"Blue Byte, Related Designs",Ubisoft,2011-11-17,4.99,19.99,75,7469,4897,12366,60.4,500000,1000000,750000,60,2011,11
8000,Tomb Raider: Anniversary,Crystal Dynamics,Crystal Dynamics,2007-06-05,8.99,8.99,0,5488,1196,6684,82.1,500000,1000000,750000,29,2007,6
400630,Wuppo: Definitive Edition,snekflat,snekflat,2016-09-29,14.99,14.99,0,5420,319,5739,94.4,500000,1000000,750000,5,2016,9
247430,Hitman: Contracts,Io-Interactive A/S,Io-Interactive A/S,2014-01-21,8.99,8.99,0,2680,406,3086,86.8,500000,1000000,750000,10,2014,1
418340,RWBY: Grimm Eclipse,"Rooster Teeth Games, FarBridge",FarBridge,2016-07-05,19.99,19.99,0,9344,2209,11553,80.9,500000,1000000,750000,4,2016,7
212480,Sonic & All-Stars Racing Transformed Collection,Sumo Digital,SEGA,2013-01-31,19.99,19.99,0,16039,1104,17143,93.6,500000,1000000,750000,41,2013,1
1436930,Temple of Apshai Trilogy,"Epyx, Inc.",Pixel Games UK,2020-10-19,3.99,3.99,0,8,6,14,57.1,500000,1000000,750000,0,2020,10
453820,Hero Quest: Tower Conflict,Mihai Morosanu,New Reality Games,2016-04-13,1.99,1.99,0,100,231,331,30.2,500000,1000000,750000,0,2016,4
466910,Worm.is: The Game,Freakinware Studios,Freakinware Studios,2016-05-04,0.0,0.0,0,3734,890,4624,80.8,500000,1000000,750000,8,2016,5
2103140,Magicraft,Wave Games,bilibili,2024-11-01,11.99,15.99,25,12485,1048,13533,92.3,500000,1000000,750000,600,2024,11
348250,Google Earth VR,Google,Google,2016-11-16,0.0,0.0,0,3736,224,3960,94.3,500000,1000000,750000,21,2016,11
317470,Cubic Castles,Cosmic Cow LLC,Cosmic Cow LLC,2014-08-13,0.0,0.0,0,3172,1108,4280,74.1,500000,1000000,750000,22,2014,8
214170,Divine Divinity,Larian Studios,Larian Studios,2012-07-05,5.99,5.99,0,3106,426,3532,87.9,500000,1000000,750000,16,2012,7
1644960,NBA 2K22,Visual Concepts,2K,2021-09-09,0.0,0.0,0,22503,16590,39093,57.6,500000,1000000,750000,443,2021,9
1341290,We Were Here Forever,Total Mayhem Games,Total Mayhem Games,2022-05-10,17.99,17.99,0,14823,1384,16207,91.5,500000,1000000,750000,183,2022,5
330840,Game of Thrones - A Telltale Games Series,Telltale Games,Telltale Games,2014-12-02,0.0,0.0,0,8030,2559,10589,75.8,500000,1000000,750000,1,2014,12
567630,Blood of Steel,YC Games,YC Games,2020-10-20,0.0,0.0,0,5132,1646,6778,75.7,500000,1000000,750000,110,2020,10
3244220,A Game About Digging A Hole,DoubleBee,"rokaplay select, Drillhounds",2025-02-07,4.99,4.99,0,12737,1492,14229,89.5,500000,1000000,750000,248,2025,2
1040200,Crime Scene Cleaner,President Studio,"President Studio, PlayWay S.A.",2024-08-14,29.99,29.99,0,21567,451,22018,98.0,500000,1000000,750000,596,2024,8
263060,Blockstorm,GhostShark,IndieGala,2015-05-21,0.0,0.0,0,5099,1275,6374,80.0,500000,1000000,750000,0,2015,5
511800,ONRAID,Pragmatix Ltd,Pragmatix Ltd,2017-04-18,0.0,0.0,0,1335,441,1776,75.2,500000,1000000,750000,0,2017,4
324810,TOXIKK,Reakktor Studios,Schwiezer System GmbH,2016-09-10,0.0,0.0,0,4485,1326,5811,77.2,500000,1000000,750000,67,2016,9
1584090,Touhou Mystia's Izakaya,"二色幽紫蝶, Re零同人社","二色幽紫蝶, Re零同人社",2021-10-01,5.99,5.99,0,27672,577,28249,98.0,500000,1000000,750000,852,2021,10
806140,Achievements printer,Easy game,Game for people,2018-03-02,0.99,0.99,0,967,206,1173,82.4,500000,1000000,750000,4,2018,3
528670,Elems,Fifth Dimension Company,Fifth Dimension Company,2016-11-11,0.99,0.99,0,24,16,40,60.0,500000,1000000,750000,0,2016,11
1601580,Frostpunk 2,11 bit studios,11 bit studios,2024-09-20,44.99,44.99,0,16477,5151,21628,76.2,500000,1000000,750000,525,2024,9
393420,Hurtworld,Bankroll Studios,Bankroll Studios,2019-12-10,24.99,24.99,0,23689,7469,31158,76.0,500000,1000000,750000,20,2019,12
1267910,Melvor Idle,Games by Malcs,Jagex Ltd,2021-11-18,9.99,9.99,0,13146,1392,14538,90.4,500000,1000000,750000,4551,2021,11
356310,METAL SLUG DEFENSE,SNK CORPORATION,SNK CORPORATION,2015-05-01,0.0,0.0,0,1166,929,2095,55.7,500000,1000000,750000,9,2015,5
48220,Might & Magic: Heroes VI,Blackhole,Ubisoft,2011-10-13,2.49,9.99,75,4234,4656,8890,47.6,500000,1000000,750000,111,2011,10
207170,Legend of Grimrock,Almost Human Games,Almost Human Games,2012-04-11,14.99,14.99,0,5995,406,6401,93.7,500000,1000000,750000,8,2012,4
20530,Red Faction,Volition,Deep Silver,2009-08-05,1.99,9.99,80,2404,376,2780,86.5,500000,1000000,750000,4,2009,8
40300,Risen,"Piranha Bytes, THQ Nordic",THQ Nordic,2009-10-02,14.99,14.99,0,8736,1104,9840,88.8,500000,1000000,750000,49,2009,10
263540,Villagers and Heroes,Mad Otter Games,Mad Otter Games,2014-04-17,0.0,0.0,0,2052,1309,3361,61.1,500000,1000000,750000,33,2014,4
2290180,Riders Republic,"Ubisoft Annecy, Ubisoft Belgrade, Ubisoft Kyiv, Ubisoft Pune, Ubisoft Odesa",Ubisoft Entertainment,2023-06-08,3.99,39.99,90,16364,3147,19511,83.9,500000,1000000,750000,171,2023,6
215830,Closers,Naddic Games,Naddic Games,2018-02-06,0.0,0.0,0,3297,1214,4511,73.1,500000,1000000,750000,17,2018,2
385800,NEKOPARA Vol. 0,NEKO WORKs,Sekai Project,2015-08-17,2.99,2.99,0,16447,1078,17525,93.8,500000,1000000,750000,20,2015,8
462930,AdVenture Communist,Hyper Hippo Games,Hyper Hippo Games,2016-08-23,0.0,0.0,0,3017,1620,4637,65.1,500000,1000000,750000,36,2016,8
237990,The Banner Saga,Stoic,Stoic Studio,2014-01-14,24.99,24.99,0,13812,1711,15523,89.0,500000,1000000,750000,24,2014,1
32380,STAR WARS Jedi Knight: Dark Forces II,LucasArts,"LucasArts, Lucasfilm, Disney",2009-09-16,5.99,5.99,0,1675,416,2091,80.1,500000,1000000,750000,14,2009,9
427190,DEAD RISING,Capcom,Capcom,2016-09-12,9.99,9.99,0,5942,799,6741,88.1,500000,1000000,750000,40,2016,9
1301210,Knockout City,Velan Studios,Velan Studios,2021-05-21,0.0,0.0,0,7196,1224,8420,85.5,500000,1000000,750000,0,2021,5
294860,Valkyria Chronicles,SEGA,SEGA,2014-11-11,19.99,19.99,0,11613,1263,12876,90.2,500000,1000000,750000,37,2014,11
25000,Overgrowth,Wolfire Games,Wolfire Games,2017-10-16,19.99,19.99,0,6876,1687,8563,80.3,500000,1000000,750000,28,2017,10
2198150,Tiny Glade,Pounce Light,Pounce Light,2024-09-23,14.99,14.99,0,19362,483,19845,97.6,500000,1000000,750000,291,2024,9
746850,Cloudpunk,ION LANDS,"ION LANDS, Maple Whispering Limited",2020-04-23,19.99,19.99,0,12760,1751,14511,87.9,500000,1000000,750000,15,2020,4
6020,STAR WARS Jedi Knight - Jedi Academy,Raven Software,"LucasArts, Lucasfilm, Disney",2009-09-16,9.99,9.99,0,12746,524,13270,96.1,500000,1000000,750000,138,2009,9
743450,Monster Prom,Beautiful Glitch,"Xelu, Those Awesome Guys",2018-04-27,2.39,11.99,80,13052,946,13998,93.2,500000,1000000,750000,68,2018,4
607050,Wargroove,Chucklefish,Chucklefish,2019-02-01,19.99,19.99,0,4255,866,5121,83.1,500000,1000000,750000,15,2019,2
610370,Desperados III,Mimimi Games,THQ Nordic,2020-06-16,9.99,39.99,75,14055,485,14540,96.7,500000,1000000,750000,116,2020,6
24740,Burnout Paradise: The Ultimate Box,Criterion Games,Electronic Arts,2009-03-12,0.0,0.0,0,11675,1711,13386,87.2,500000,1000000,750000,16,2009,3
1512530,极限求生,陈 世杰,陈 世杰,2021-02-10,0.0,0.0,0,10,10,20,50.0,500000,1000000,750000,0,2021,2
16450,F.E.A.R. 2: Project Origin,Monolith,"Warner Bros. Games, Warner Bros. Interactive Entertainment",2009-02-12,14.99,14.99,0,7280,1269,8549,85.2,500000,1000000,750000,41,2009,2
24720,SPORE Galactic Adventures,EA - Maxis,Electronic Arts,2009-06-23,19.99,19.99,0,6439,791,7230,89.1,500000,1000000,750000,136,2009,6
211160,Viking: Battle for Asgard,"Creative Assembly, PC Port - Hardlight",SEGA,2012-10-17,14.99,14.99,0,1144,1163,2307,49.6,500000,1000000,750000,5,2012,10
17500,Zombie Panic! Source,Zombie Panic! Team,Zombie Panic! Team,2008-10-03,0.0,0.0,0,6541,1185,7726,84.7,500000,1000000,750000,13,2008,10
21000,LEGO Batman: The Videogame,Traveller's Tales,Warner Bros. Interactive Entertainment,2008-09-29,19.99,19.99,0,11083,1296,12379,89.5,500000,1000000,750000,118,2008,9
537800,Bomber Crew,Runner Duck,Curve Games,2017-10-19,2.39,15.99,85,12925,1812,14737,87.7,500000,1000000,750000,60,2017,10
546050,Puyo PuyoTetris,"Sonic Team, Bitbaboon",SEGA,2018-02-27,19.99,19.99,0,4654,865,5519,84.3,500000,1000000,750000,32,2018,2
115800,Owlboy,D-Pad Studio,D-Pad Studio,2016-11-01,19.99,19.99,0,4918,956,5874,83.7,500000,1000000,750000,7,2016,11
7510,X-Blades,Gaijin Entertainment,Topware Interactive,2009-04-30,12.99,12.99,0,1948,1225,3173,61.4,500000,1000000,750000,132,2009,4
58610,Wargame: European Escalation,Eugen Systems,Eugen Systems,2012-02-22,9.99,9.99,0,2591,730,3321,78.0,500000,1000000,750000,8,2012,2
564710,Soda Dungeon,"AN Productions, Poxpower",Armor Games Studios,2017-02-06,0.0,0.0,0,5814,350,6164,94.3,500000,1000000,750000,72,2017,2
405310,LEGO MARVEL's Avengers,"Traveller's Tales, TT Games, Feral Interactive (Mac)","Warner Bros. Interactive Entertainment, Feral Interactive (Mac)",2016-01-26,19.99,19.99,0,6950,940,7890,88.1,500000,1000000,750000,97,2016,1
716350,Reign of Guilds,Atlant Games ltd,Atlant Games ltd,2025-11-26,0.0,0.0,0,519,313,832,62.4,500000,1000000,750000,8,2025,11
268850,EVGA Precision X1,EVGA,EVGA,2014-07-16,0.0,0.0,0,3806,934,4740,80.3,500000,1000000,750000,494,2014,7
641320,Cooking Simulator,Big Cheese Studio,Big Cheese Studio,2019-06-06,19.99,19.99,0,15767,2840,18607,84.7,500000,1000000,750000,74,2019,6
107300,Breath of Death VII,Zeboyd Digital Entertainment LLC,Zeboyd Digital Entertainment LLC,2011-07-13,2.99,2.99,0,1192,231,1423,83.8,500000,1000000,750000,0,2011,7
1013320,Firestone: Online Idle RPG,Holyday Studios,Holyday Studios,2024-04-01,0.0,0.0,0,4891,1401,6292,77.7,500000,1000000,750000,1785,2024,4
1647160,Deepest Sword,Cosmic Adventure Squad,Cosmic Adventure Squad,2021-06-09,0.0,0.0,0,9064,1360,10424,87.0,500000,1000000,750000,15,2021,6
1102190,Monster Train,Shiny Shoe,Good Shepherd Entertainment,2020-05-21,4.99,24.99,80,20995,873,21868,96.0,500000,1000000,750000,595,2020,5
895400,Deadside,Bad Pixel,"Bad Pixel, tinyBuild",2024-12-05,24.99,24.99,0,29504,9077,38581,76.5,500000,1000000,750000,698,2024,12
506610,Five Nights at Freddy's: Sister Location,Scott Cawthon,Scott Cawthon,2016-10-07,7.99,7.99,0,10566,1099,11665,90.6,500000,1000000,750000,30,2016,10
218640,Lucius,Shiver Games,Shiver Games,2012-10-26,9.99,9.99,0,8528,1987,10515,81.1,500000,1000000,750000,20,2012,10
99300,Renegade Ops,Avalanche Studios,SEGA,2011-10-26,15.0,15.0,0,2374,412,2786,85.2,500000,1000000,750000,0,2011,10
332570,Amazing Frog?,Fayju,Fayju,2014-11-21,19.99,19.99,0,10189,648,10837,94.0,500000,1000000,750000,65,2014,11
255520,Viscera Cleanup Detail: Shadow Warrior,RuneStorm,Devolver Digital,2013-10-11,29.99,29.99,0,3572,862,4434,80.6,500000,1000000,750000,3,2013,10
384300,CPUCores :: Maximize Your FPS,Smorb Software,Smorb Software,2015-07-06,16.99,16.99,0,8507,3404,11911,71.4,500000,1000000,750000,98,2015,7
22100,Mount & Blade,TaleWorlds Entertainment,TaleWorlds Entertainment,2008-11-03,9.99,9.99,0,5934,498,6432,92.3,500000,1000000,750000,51,2008,11
225420,Cities in Motion 2,Colossal Order,Paradox Interactive,2013-04-02,19.99,19.99,0,1432,1051,2483,57.7,500000,1000000,750000,11,2013,4
221680,Rocksmith 2014 Edition REMASTERED LEARN & PLAY,"Ubisoft - San Francisco, Ubisoft - Osaka",Ubisoft,2024-12-19,9.99,9.99,0,21217,2633,23850,89.0,500000,1000000,750000,683,2024,12
694280,Zombie Army 4: Dead War,Rebellion,Rebellion,2021-02-18,49.99,49.99,0,7974,1299,9273,86.0,500000,1000000,750000,431,2021,2
396750,EVERSPACE,ROCKFISH Games,ROCKFISH Games,2017-05-25,19.99,19.99,0,8668,2352,11020,78.7,500000,1000000,750000,44,2017,5
493540,Figment,Bedtime Digital Games,Bedtime Digital Games,2017-09-22,19.99,19.99,0,4610,674,5284,87.2,500000,1000000,750000,4,2017,9
320240,We Happy Few,Compulsion Games,Compulsion Games,2018-08-10,59.99,59.99,0,10225,3102,13327,76.7,500000,1000000,750000,57,2018,8
551170,Onmyoji,NetEase Games,NetEase Games,2018-04-18,0.0,0.0,0,2474,539,3013,82.1,500000,1000000,750000,412,2018,4
1911390,Knightfall: A Daring Journey,Landfall,Landfall,2022-04-01,0.0,0.0,0,6909,828,7737,89.3,500000,1000000,750000,8,2022,4
503820,A Detective's Novel,Amaterasu Software,Amaterasu Software,2016-07-28,1.99,1.99,0,599,283,882,67.9,500000,1000000,750000,0,2016,7
1372280,MELTY BLOOD: TYPE LUMINA,"FRENCH-BREAD, TYPE-MOON, Lasengle Inc., TAMSOFT CORPORATION, GameLoop Inc.",Lasengle Inc.,2021-09-29,14.99,49.99,70,8484,1118,9602,88.4,500000,1000000,750000,42,2021,9
412830,STEINS;GATE,MAGES. Inc.,"Spike Chunsoft Co., Ltd.",2016-09-08,29.99,29.99,0,20531,547,21078,97.4,500000,1000000,750000,157,2016,9
71340,Sonic Generations Collection,Devil's Details,SEGA,2011-11-03,51.79,51.79,0,23609,1623,25232,93.6,500000,1000000,750000,35,2011,11
402570,Atlas Reactor,Trion Worlds,Trion Worlds,2016-10-04,0.0,0.0,0,4407,873,5280,83.5,500000,1000000,750000,1,2016,10
248390,Craft The World,"Dekovir Entertainment, Sibear Games",Dekovir Ltd,2014-11-24,18.99,18.99,0,14118,1834,15952,88.5,500000,1000000,750000,303,2014,11
905640,Combat Arms: Reloaded,"VALOFE, NEXON",VALOFE,2018-10-31,0.0,0.0,0,1650,1329,2979,55.4,500000,1000000,750000,18,2018,10
239070,Hammerwatch,Crackshell,Team17,2013-08-12,9.99,9.99,0,5754,681,6435,89.4,500000,1000000,750000,5,2013,8
1139980,Travellers Rest,Isolated Games,"Isolated Games, IndieArk",2020-07-28,17.99,17.99,0,12297,1603,13900,88.5,500000,1000000,750000,990,2020,7
2239150,Thronefall,"GrizzlyGames, Mythwright",Mythwright,2024-10-11,12.99,12.99,0,19846,698,20544,96.6,500000,1000000,750000,373,2024,10
1241510,The Test,Randumb Studios,Randumb Studios,2020-02-24,1.99,1.99,0,19334,620,19954,96.9,500000,1000000,750000,3,2020,2
1340020,Aster Fpv Drone Simulator,Emmanuel Perrillon,Emmanuel Perrillon,2020-10-22,19.99,19.99,0,9,4,13,69.2,500000,1000000,750000,0,2020,10
300550,Shadowrun: Dragonfall - Director's Cut,Harebrained Schemes,Paradox Interactive,2014-09-18,14.99,14.99,0,5652,661,6313,89.5,500000,1000000,750000,33,2014,9
204030,Fable - The Lost Chapters,Lionhead Studios,Xbox Game Studios,2011-12-19,9.99,9.99,0,7152,586,7738,92.4,500000,1000000,750000,30,2011,12
329000,Data Hacker: Corruption,New Reality Games,New Reality Games,2014-10-22,1.99,1.99,0,67,71,138,48.6,500000,1000000,750000,0,2014,10
605740,"Flashing Lights - Police, Firefighting, Emergency Services (EMS) Simulator",Nils Jakrins,Excalibur Games,2023-05-15,24.99,24.99,0,13686,3277,16963,80.7,500000,1000000,750000,311,2023,5
2027330,GoreBox,F2Games,F2Games,2023-07-21,8.99,8.99,0,13136,1368,14504,90.6,500000,1000000,750000,509,2023,7
1715130,Crysis Remastered,Crytek,Crytek,2021-09-17,29.99,29.99,0,9972,3146,13118,76.0,500000,1000000,750000,83,2021,9
1649240,Returnal,"Housemarque, Climax Studios",PlayStation Publishing LLC,2023-02-15,59.99,59.99,0,6925,1521,8446,82.0,500000,1000000,750000,84,2023,2
866800,The Walking Dead: The Final Season,Telltale Games,Skybound Games,2018-08-13,19.99,19.99,0,18302,982,19284,94.9,500000,1000000,750000,93,2018,8
247020,"Cook, Serve, Delicious!",Vertigo Gaming Inc.,Vertigo Gaming Inc.,2013-10-08,12.99,12.99,0,5311,309,5620,94.5,500000,1000000,750000,7,2013,10
295550,Royal Quest,Katauri,1C Online Games,2014-08-06,0.0,0.0,0,962,406,1368,70.3,500000,1000000,750000,0,2014,8
285920,TerraTech,Payload Studios,Mythwright,2018-08-10,24.99,24.99,0,21368,2042,23410,91.3,500000,1000000,750000,261,2018,8
268750,Magicite,Sean Young,SmashGames,2014-06-09,9.99,9.99,0,6459,1120,7579,85.2,500000,1000000,750000,12,2014,6
1171690,Wayfinder,Airship Syndicate,Airship Syndicate,2024-10-21,2.99,24.99,88,14412,10235,24647,58.5,500000,1000000,750000,64,2024,10
12150,Max Payne 2: The Fall of Max Payne,Remedy Entertainment,Rockstar Games,2008-01-04,9.99,9.99,0,11282,652,11934,94.5,500000,1000000,750000,36,2008,1
402180,Sakura Swim Club,Winged Cloud,Winged Cloud,2015-09-11,9.99,9.99,0,2382,426,2808,84.8,500000,1000000,750000,2,2015,9
1475380,TheDawn,LIMITED,LIMITED,2020-12-11,0.0,0.0,0,8015,600,8615,93.0,500000,1000000,750000,1,2020,12
242550,Rayman Legends,Ubisoft Montpellier,Ubisoft,2013-09-03,29.99,29.99,0,8994,1049,10043,89.6,500000,1000000,750000,71,2013,9
300080,Total War Battles: KINGDOM,CREATIVE ASSEMBLY,SEGA,2015-04-09,0.0,0.0,0,1826,1698,3524,51.8,500000,1000000,750000,3,2015,4
321960,Might & Magic Heroes VII,Limbic Entertainment,Ubisoft,2015-09-29,7.49,29.99,75,3664,3082,6746,54.3,500000,1000000,750000,227,2015,9
578330,LEGO City Undercover,Traveller's Tales,TT Games,2017-04-04,19.99,19.99,0,8783,889,9672,90.8,500000,1000000,750000,115,2017,4
1522870,Supraland Six Inches Under,Supra Games,Supra Games,2022-01-14,19.99,19.99,0,3366,124,3490,96.4,500000,1000000,750000,38,2022,1
421020,DiRT 4,"Codemasters, Feral Interactive (Mac), Feral Interactive (Linux)","Codemasters, Feral Interactive (Mac), Feral Interactive (Linux), Electronic Arts",2017-06-08,0.0,0.0,0,12971,3168,16139,80.4,500000,1000000,750000,40,2017,6
222730,Reus,Abbey Games,Abbey Games,2013-05-16,3.99,9.99,60,4576,1263,5839,78.4,500000,1000000,750000,4,2013,5
1061090,Jump King,Nexile,Nexile,2019-05-03,12.99,12.99,0,11081,1222,12303,90.1,500000,1000000,750000,60,2019,5
589290,Holdfast: Nations At War,Anvil Game Studios,Anvil Game Studios,2020-03-05,19.99,19.99,0,22540,2575,25115,89.7,500000,1000000,750000,223,2020,3
433350,BlackShot: Mercenary Warfare FPS,Vertigo Games America,"Papaya Play, Vertigo Games America",2016-05-31,0.0,0.0,0,1640,1387,3027,54.2,500000,1000000,750000,14,2016,5
445220,Avorion,Boxelware,Boxelware,2020-03-09,24.99,24.99,0,12286,1328,13614,90.2,500000,1000000,750000,618,2020,3
921570,OCTOPATH TRAVELER,"Square Enix, ACQUIRE Corp.",Square Enix,2019-06-07,17.99,59.99,70,13070,2118,15188,86.1,500000,1000000,750000,222,2019,6
531640,Eternal Card Game,Dire Wolf,Dire Wolf,2018-11-15,0.0,0.0,0,5384,1569,6953,77.4,500000,1000000,750000,135,2018,11
2163330,Yet Another Zombie Survivors,Awesome Games Studio,Awesome Games Studio,2026-08-20,14.99,14.99,0,10169,1044,11213,90.7,500000,1000000,750000,472,2026,8
449960,Book of Demons,Thing Trunk,Thing Trunk,2018-12-13,24.99,24.99,0,9539,2413,11952,79.8,500000,1000000,750000,12,2018,12
544330,Snake Pass,Sumo Digital,Secret Mode,2017-03-28,19.99,19.99,0,2560,641,3201,80.0,500000,1000000,750000,8,2017,3
2369390,Far Cry 6,"Ubisoft Toronto, Ubisoft Montreal, Ubisoft Kyiv, Ubisoft Shanghai, Ubisoft Berlin",Ubisoft,2023-05-11,5.99,59.99,90,19411,7737,27148,71.5,500000,1000000,750000,627,2023,5
679900,Swords & Souls: Neverseen,SoulGame Studio,Armor Games Studios,2019-07-22,14.99,14.99,0,5047,363,5410,93.3,500000,1000000,750000,188,2019,7
1213740,She Will Punish Them,L2 Games,L2 Games,2020-04-29,15.99,15.99,0,11430,954,12384,92.3,500000,1000000,750000,25,2020,4
653530,Return of the Obra Dinn,Lucas Pope,3909,2018-10-18,19.99,19.99,0,28093,923,29016,96.8,500000,1000000,750000,166,2018,10
672680,Call of War: World War 2,Bytro Labs GmbH,Bytro Labs GmbH,2017-10-21,0.0,0.0,0,4168,1664,5832,71.5,500000,1000000,750000,281,2017,10
1316680,VLADiK BRUTAL,BRUTAL SOFTWARE,BRUTAL SOFTWARE,2024-08-09,11.99,11.99,0,7642,810,8452,90.4,500000,1000000,750000,19,2024,8
234670,NARUTO SHIPPUDEN: Ultimate Ninja STORM 3 Full Burst HD,CyberConnect2 Co. Ltd.,BANDAI NAMCO Entertainment,2013-10-24,19.99,19.99,0,12500,1440,13940,89.7,500000,1000000,750000,23,2013,10
589360,Ni no Kuni II: Revenant Kingdom,LEVEL5 Inc.,BANDAI NAMCO Entertainment,2018-03-23,9.59,59.99,84,9019,1737,10756,83.9,500000,1000000,750000,93,2018,3
1225570,Unravel Two,Coldwood Interactive,Electronic Arts,2020-06-04,4.99,19.99,75,5994,1566,7560,79.3,500000,1000000,750000,46,2020,6
719040,Wasteland 3,inXile Entertainment,"inXile Entertainment, Xbox Game Studios",2020-08-27,39.99,39.99,0,17695,3201,20896,84.7,500000,1000000,750000,219,2020,8
485490,Dungeon Journey,"Carbomb Software, Nova Dimension",Nova Dimension,2016-06-03,1.99,1.99,0,214,63,277,77.3,500000,1000000,750000,0,2016,6
1063660,Bendy and the Dark Revival,Joey Drew Studios,Joey Drew Studios,2022-11-15,19.99,19.99,0,12068,907,12975,93.0,500000,1000000,750000,62,2022,11
2181930,DR LIVESEY ROM AND DEATH EDITION,Agafonoff,Agafonoff,2023-02-13,2.99,2.99,0,12605,731,13336,94.5,500000,1000000,750000,5,2023,2
266430,Anarchy Arcade,Elijah Newman-Gomez,Elijah Newman-Gomez,2014-09-03,0.0,0.0,0,1510,698,2208,68.4,500000,1000000,750000,8,2014,9
667970,VTOL VR,"Boundless Dynamics, LLC","Boundless Dynamics, LLC",2017-08-03,29.99,29.99,0,18999,369,19368,98.1,500000,1000000,750000,222,2017,8
946050,Soda Dungeon 2,"AN Productions, Poxpower",Armor Games Studios,2020-07-09,0.0,0.0,0,5114,305,5419,94.4,500000,1000000,750000,249,2020,7
223100,Homefront: The Revolution,Dambuster Studios,Deep Silver,2016-05-17,19.99,19.99,0,9956,6497,16453,60.5,500000,1000000,750000,26,2016,5
250760,Shovel Knight: Treasure Trove,Yacht Club Games,Yacht Club Games,2014-06-26,39.99,39.99,0,15438,674,16112,95.8,500000,1000000,750000,69,2014,6
252410,SteamWorld Dig,Image & Form Games,Image & Form Games,2013-12-05,1.49,9.99,85,7697,498,8195,93.9,500000,1000000,750000,16,2013,12
292120,FINAL FANTASY XIII,Square Enix,Square Enix,2014-10-09,6.39,15.99,60,13454,4476,17930,75.0,500000,1000000,750000,286,2014,10
1521580,Perfect Heist 2,yeswecamp,yeswecamp,2021-12-10,9.99,9.99,0,3706,289,3995,92.8,500000,1000000,750000,90,2021,12
393080,Call of Duty: Modern Warfare Remastered (2017),"Raven Software, Beenox",Activision,2017-07-27,39.99,39.99,0,7542,6853,14395,52.4,500000,1000000,750000,133,2017,7
289950,Construction Simulator 2015,weltenbauer. Software Entwicklung GmbH,astragon Entertainment,2014-11-18,14.99,14.99,0,5569,1202,6771,82.2,500000,1000000,750000,20,2014,11
1777760,Soccer Manager 2022,Invincibles Studio Ltd,ケイエル,2021-11-26,0.0,0.0,0,2194,806,3000,73.1,500000,1000000,750000,61,2021,11
6900,Hitman: Codename 47,IO Interactive A/S,IO Interactive A/S,2007-03-15,7.99,7.99,0,3044,1195,4239,71.8,500000,1000000,750000,20,2007,3
39200,Dungeon Siege II,Gas Powered Games,Square Enix,2005-08-16,6.99,6.99,0,2034,644,2678,76.0,500000,1000000,750000,41,2005,8
654990,Dude Simulator,Kiddy,Kiddy,2017-07-13,4.99,4.99,0,1257,807,2064,60.9,500000,1000000,750000,8,2017,7
1068820,OVR Toolkit - Desktop Overlay,Curtis English,VoxelLoop Software Limited,2019-06-28,10.99,10.99,0,2722,372,3094,88.0,500000,1000000,750000,2180,2019,6
987840,Expeditions: Rome,Logic Artists,THQ Nordic,2022-01-20,44.99,44.99,0,5150,683,5833,88.3,500000,1000000,750000,72,2022,1
894020,Death's Door,Acid Nerve,Devolver Digital,2021-07-20,19.99,19.99,0,17444,1224,18668,93.4,500000,1000000,750000,54,2021,7
515180,Bus Simulator 18,stillalive studios,astragon Entertainment,2018-06-13,14.99,14.99,0,10664,2473,13137,81.2,500000,1000000,750000,45,2018,6
457550,Bigscreen Beta,"Bigscreen, Inc.","Bigscreen, Inc.",2016-04-28,0.0,0.0,0,2669,466,3135,85.1,500000,1000000,750000,50,2016,4
332310,LEGO Worlds,"TT Games, Traveller's Tales",Warner Bros. Interactive Entertainment,2017-03-07,29.99,29.99,0,11995,3308,15303,78.4,500000,1000000,750000,43,2017,3
991780,Notes of Soul,（Hong Kong）GKD Game Studio,（Hong Kong）GKD Game Studio,2019-01-17,29.99,29.99,0,16065,4715,20780,77.3,500000,1000000,750000,88,2019,1
397060,Faeria,Abrakam Entertainment SA,"Versus Evil, tinyBuild",2017-03-08,19.99,19.99,0,5956,1168,7124,83.6,500000,1000000,750000,26,2017,3
1444740,Maniac Path,"Falco Software, Laush Dmitriy Sergeevich",Laush Studio,2020-10-29,2.99,2.99,0,10,4,14,71.4,500000,1000000,750000,0,2020,10
780290,Gloomhaven,"Flaming Fowl Studios, Saber Interactive",Twin Sails Interactive,2021-10-20,9.79,34.99,72,12466,2517,14983,83.2,500000,1000000,750000,430,2021,10
31270,Puzzle Agent,Telltale,Telltale,2010-07-07,4.99,4.99,0,2384,297,2681,88.9,500000,1000000,750000,1,2010,7
1092660,Blair Witch,Bloober Team SA,Bloober Team NA,2019-08-30,29.99,29.99,0,5716,1531,7247,78.9,500000,1000000,750000,6,2019,8
1656780,Hero's Hour,"Benjamin ""ThingOnItsOwn"" Hauer","Goblinz Publishing, Maple Whispering Limited",2022-03-01,7.19,17.99,60,4287,1082,5369,79.8,500000,1000000,750000,82,2022,3
1016800,Chernobylite Complete Edition,The Farm 51,The Farm 51,2021-07-28,29.99,29.99,0,11784,2556,14340,82.2,500000,1000000,750000,76,2021,7
1040230,Curious Expedition 2,Maschinen-Mensch,"Maschinen-Mensch, Saftladen Berlin",2021-01-28,19.99,19.99,0,3436,424,3860,89.0,500000,1000000,750000,58,2021,1
64000,Men of War: Assault Squad,Digitalmindsoft,Fulqrum Publishing,2011-02-24,9.99,9.99,0,4346,602,4948,87.8,500000,1000000,750000,32,2011,2
916840,The Walking Dead: Saints & Sinners,Skydance Interactive,Skydance Interactive,2020-01-23,19.99,19.99,0,8321,1273,9594,86.7,500000,1000000,750000,26,2020,1
1088090,Day of Dragons,Beawesome Games,Beawesome Games,2019-12-04,19.99,19.99,0,4827,2465,7292,66.2,500000,1000000,750000,198,2019,12
1200,Red Orchestra: Ostfront 41-45,Tripwire Interactive,Tripwire Interactive,2006-03-14,4.99,4.99,0,2156,317,2473,87.2,500000,1000000,750000,1,2006,3
9880,Champions Online,Cryptic Studios,Arc Games,2011-06-14,0.0,0.0,0,2990,1192,4182,71.5,500000,1000000,750000,113,2011,6
819190,Undead Citadel,Dark Curry S.L.,Dark Curry S.L.,2023-06-08,29.99,29.99,0,192,72,264,72.7,500000,1000000,750000,3,2023,6
1238040,Dragon Age II: Ultimate Edition,BioWare,Electronic Arts,2020-06-04,7.49,29.99,75,5311,1226,6537,81.2,500000,1000000,750000,140,2020,6
1029780,Going Medieval,Foxy Voxel,Mythwright,2026-03-17,29.99,29.99,0,16633,1873,18506,89.9,500000,1000000,750000,713,2026,3
1817230,Hi-Fi RUSH,Tango Gameworks,"KRAFTON, Inc.",2023-01-25,29.99,29.99,0,32441,898,33339,97.3,500000,1000000,750000,87,2023,1
807120,Iratus: Lord of the Dead,Unfrozen,Daedalic Entertainment,2020-04-23,29.99,29.99,0,6694,1116,7810,85.7,500000,1000000,750000,112,2020,4
521890,Hello Neighbor,Dynamic Pixels,tinyBuild,2017-12-08,5.99,29.99,80,16402,3219,19621,83.6,500000,1000000,750000,127,2017,12
732370,Juicy Realm,SpaceCan,XD,2018-05-03,9.99,9.99,0,3177,443,3620,87.8,500000,1000000,750000,8,2018,5
1149620,Gas Station Simulator,DRAGO entertainment,"DRAGO entertainment, Shochiku",2021-09-15,8.99,19.99,55,22007,3036,25043,87.9,500000,1000000,750000,958,2021,9
831450,Kolb Antarctica Experience,Devika,Devika,2018-04-17,2.99,2.99,0,6,5,11,54.5,500000,1000000,750000,0,2018,4
2231380,Tom Clancy's Ghost Recon Breakpoint,Ubisoft Paris,Ubisoft,2023-01-23,11.99,59.99,80,23816,8747,32563,73.1,500000,1000000,750000,1430,2023,1
2066020,Soulstone Survivors,Game Smithing Limited,Game Smithing Limited,2025-06-17,14.99,14.99,0,19922,1906,21828,91.3,500000,1000000,750000,674,2025,6
774181,Rhythm Doctor,7th Beat Games,"7th Beat Games, indienova",2025-12-06,19.99,19.99,0,20881,332,21213,98.4,500000,1000000,750000,60,2025,12
513000,KUBOOM,nobodyshot,nobodyshot,2016-10-07,0.0,0.0,0,2488,1528,4016,62.0,500000,1000000,750000,66,2016,10
385770,Time Clickers,Proton Studio Inc,,2015-07-23,0.0,0.0,0,4420,628,5048,87.6,500000,1000000,750000,146,2015,7
404730,Wasteland 2: Director's Cut,inXile Entertainment,inXile Entertainment,2014-09-18,29.99,29.99,0,0,0,0,,500000,1000000,750000,55,2014,9
973760,Thronebreaker: The Witcher Tales,CD PROJEKT RED,CD PROJEKT RED,2018-11-09,3.99,19.99,80,14782,1856,16638,88.8,500000,1000000,750000,112,2018,11
1771980,The Operator,Bureau 81,"Bureau 81, indienova",2024-07-22,13.99,13.99,0,5750,446,6196,92.8,500000,1000000,750000,41,2024,7
46510,Syberia II,Microids,Microids,2011-05-19,12.99,12.99,0,2402,387,2789,86.1,500000,1000000,750000,5,2011,5
1088850,Marvel's Guardians of the Galaxy,Eidos-Montréal,Eidos Interactive Corp.,2021-10-26,59.99,59.99,0,36857,2301,39158,94.1,500000,1000000,750000,219,2021,10
795100,Friday the 13th: Killer Puzzle,Blue Wizard Digital,Blue Wizard Digital,2018-04-12,0.0,0.0,0,5644,374,6018,93.8,500000,1000000,750000,6,2018,4
1147660,ArcheAge: Unchained,XLGAMES,Kakao Games Europe B.V.,2019-10-17,0.0,0.0,0,1995,1789,3784,52.7,500000,1000000,750000,0,2019,10
973580,Sniper Ghost Warrior Contracts,CI Games,CI Games,2019-11-22,29.99,29.99,0,8888,3308,12196,72.9,500000,1000000,750000,89,2019,11
1238060,Dead Space 3,Visceral Games,Electronic Arts,2020-06-18,3.99,19.99,80,9353,3349,12702,73.6,500000,1000000,750000,81,2020,6
351640,Eternal Senia,Sanctum Games,Sanctum Games,2015-06-18,0.0,0.0,0,11658,290,11948,97.6,500000,1000000,750000,2,2015,6
451340,Gold Mining Simulator,Code Horizon,"Code Horizon, PlayWay S.A.",2017-10-13,19.99,19.99,0,10873,4198,15071,72.1,500000,1000000,750000,166,2017,10
629820,Maneater,Tripwire Interactive,Tripwire Interactive,2021-05-25,5.99,39.99,85,15476,1956,17432,88.8,500000,1000000,750000,126,2021,5
298630,The Escapists,Mouldy Toof Studios,Team17,2015-02-13,2.49,24.99,90,14481,1569,16050,90.2,500000,1000000,750000,45,2015,2
591740,Sniper Fury,Gameloft,Gameloft,2017-06-13,0.0,0.0,0,1330,1399,2729,48.7,500000,1000000,750000,76,2017,6
700600,Evil Genius 2: World Domination,Rebellion,Rebellion,2021-03-30,39.99,39.99,0,8703,3938,12641,68.8,500000,1000000,750000,151,2021,3
312280,Simply Chess,BlueLine Games,BlueLine Games,2015-09-11,0.0,0.0,0,2692,934,3626,74.2,500000,1000000,750000,15,2015,9
354140,Five Nights at Freddy's 3,Scott Cawthon,Scott Cawthon,2015-03-02,7.99,7.99,0,9083,999,10082,90.1,500000,1000000,750000,17,2015,3
936790,Life is Strange: True Colors,Deck Nine,Square Enix,2021-09-09,59.99,59.99,0,13836,1716,15552,89.0,500000,1000000,750000,51,2021,9
501590,Bulletstorm: Full Clip Edition,People Can Fly,"Gearbox Publishing, 2K",2017-04-07,3.99,39.99,90,7605,943,8548,89.0,500000,1000000,750000,19,2017,4
16810,Sid Meier's Civilization IV: Colonization,Firaxis Games,2K,2008-09-23,19.99,19.99,0,1212,185,1397,86.8,500000,1000000,750000,244,2008,9
1282690,Crysis 3,Crytek,Electronic Arts,2020-06-04,0.0,0.0,0,4716,829,5545,85.0,500000,1000000,750000,9,2020,6
217920,Alien Rage - Unlimited,CI Games,CI Games,2013-09-24,19.99,19.99,0,2334,1121,3455,67.6,500000,1000000,750000,1,2013,9
365300,Transmissions: Element 120,"Shokunin, Thomas M. Visser, Vincent Thiele",Self Published,2016-06-16,0.0,0.0,0,9266,539,9805,94.5,500000,1000000,750000,3,2016,6
428690,Youtubers Life,UPLAY Online,UPLAY Online,2017-02-02,19.99,19.99,0,11924,3491,15415,77.4,500000,1000000,750000,47,2017,2
2532550,LIZARDS MUST DIE,Smola Game Studio,"Smola Game Studio, Agafonoff",2023-09-27,3.99,3.99,0,25241,891,26132,96.6,500000,1000000,750000,5,2023,9
1504980,It Takes Two Friend's Pass,Hazelight Studio,Electronic Arts,2021-03-26,0.0,0.0,0,703,92,795,88.4,500000,1000000,750000,58,2021,3
266510,Hand of Fate,Defiant Development,Defiant Development,2015-02-17,3.99,19.99,80,9433,1126,10559,89.3,500000,1000000,750000,6,2015,2
673880,"Warhammer 40,000: Mechanicus",Bulwark Studios,Kasedo Games,2018-11-15,29.99,29.99,0,12368,1141,13509,91.6,500000,1000000,750000,180,2018,11
2124490,SILENT HILL 2,Bloober Team SA,KONAMI,2024-10-07,69.99,69.99,0,41028,2021,43049,95.3,500000,1000000,750000,514,2024,10
573100,Battlefleet Gothic: Armada 2,Tindalos Interactive,Focus Entertainment,2019-01-24,19.99,19.99,0,7566,2514,10080,75.1,500000,1000000,750000,251,2019,1
528230,SYNTHETIK: Legion Rising,Flow Fire Games,"Flow Fire Games, WhisperGames",2018-03-15,19.99,19.99,0,11971,746,12717,94.1,500000,1000000,750000,66,2018,3
91200,Anomaly: Warzone Earth,11 bit studios,11 bit studios,2011-04-08,9.99,9.99,0,4043,597,4640,87.1,500000,1000000,750000,2,2011,4
20540,Company of Heroes: Tales of Valor,Relic Entertainment,SEGA,2009-04-08,3.99,19.99,80,2140,171,2311,92.6,500000,1000000,750000,45,2009,4
529920,Resurgence,Lightning Man Media,Lightning Man Media,2017-09-12,1.99,1.99,0,12,10,22,54.5,500000,1000000,750000,0,2017,9
204060,Superbrothers: Sword & Sworcery EP,"Capybara, Superbrothers, Jim Guthrie",Capybara Games,2012-04-16,7.99,7.99,0,2022,590,2612,77.4,500000,1000000,750000,2,2012,4
307110,We Need To Go Deeper,Deli Interactive LLC,Deli Interactive LLC,2019-08-01,15.99,15.99,0,5078,773,5851,86.8,500000,1000000,750000,14,2019,8
320300,Car Mechanic Simulator 2015,Red Dot Games,PlayWay S.A.,2015-04-23,1.59,19.99,92,13466,1106,14572,92.4,500000,1000000,750000,25,2015,4
368340,CrossCode,Radical Fish Games,"Deck13, WhisperGames, DANGEN Entertainment, Mayflower Entertainment",2018-09-20,19.99,19.99,0,15699,1167,16866,93.1,500000,1000000,750000,77,2018,9
351970,Tales of Zestiria,BANDAI NAMCO Studio Inc.,BANDAI NAMCO Entertainment,2015-10-19,49.99,49.99,0,7310,1794,9104,80.3,500000,1000000,750000,29,2015,10
1105510,Yakuza 5 Remastered,RGG Studio,SEGA,2021-01-28,19.99,19.99,0,5658,673,6331,89.4,500000,1000000,750000,149,2021,1
17740,Empires Mod,Empires,Empires,2008-07-28,0.0,0.0,0,902,140,1042,86.6,500000,1000000,750000,3,2008,7
567680,The Pasture,Mikhail Maksimov,Sometimes You,2017-01-17,0.99,0.99,0,94,114,208,45.2,500000,1000000,750000,0,2017,1
1189630,Path Of Wuxia,香港商河洛互動娛樂股份有限公司,香港商河洛互動娛樂股份有限公司,2022-11-14,34.99,34.99,0,23689,6527,30216,78.4,500000,1000000,750000,69,2022,11
442120,Pinball FX3,Zen Studios,Zen Studios,2017-09-26,23.97,23.97,0,4553,625,5178,87.9,500000,1000000,750000,83,2017,9
2384580,DYNASTY WARRIORS: ORIGINS,"KOEI TECMO GAMES CO., LTD.","KOEI TECMO GAMES CO., LTD.",2025-01-16,69.99,69.99,0,19369,1346,20715,93.5,500000,1000000,750000,1314,2025,1
330830,Tales from the Borderlands,Telltale Games,2K,2021-02-16,14.99,19.99,25,17618,988,18606,94.7,500000,1000000,750000,34,2021,2
2218750,Halls of Torment,Chasing Carrots,Chasing Carrots,2024-09-24,6.66,6.66,0,27801,1218,29019,95.8,500000,1000000,750000,361,2024,9
29900,Dark Sector,Digital Extremes,Digital Extremes,2009-03-24,9.99,9.99,0,2154,675,2829,76.1,500000,1000000,750000,36,2009,3
1343240,Thymesia,OverBorder Studio,Team17,2022-08-18,6.24,24.99,75,7105,1354,8459,84.0,500000,1000000,750000,22,2022,8
658850,Do Not Feed the Monkeys,Fictiorama Studios,Alawar,2018-10-23,1.59,15.99,90,10334,692,11026,93.7,500000,1000000,750000,93,2018,10
1934680,Age of Mythology: Retold,"World's Edge, Forgotten Empires, Tantalus Media, CaptureAge, Virtuos Games",Xbox Game Studios,2024-09-04,29.99,29.99,0,15043,1665,16708,90.0,500000,1000000,750000,1559,2024,9
1859910,Legend of Mortal,Obb Studio Inc.,"Paras Games, Obb Studio Inc.",2024-06-14,19.99,19.99,0,22624,9407,32031,70.6,500000,1000000,750000,296,2024,6
865360,We Were Here Together,Total Mayhem Games,Total Mayhem Games,2019-10-10,12.99,12.99,0,13321,2608,15929,83.6,500000,1000000,750000,178,2019,10
1170950,Mortal Online 2,Star Vault AB,Star Vault AB,2022-01-25,39.99,39.99,0,7870,5073,12943,60.8,500000,1000000,750000,440,2022,1
405640,Pony Island,Daniel Mullins Games,Daniel Mullins Games,2016-01-04,4.99,4.99,0,16339,843,17182,95.1,500000,1000000,750000,9,2016,1
215790,Dream Pinball 3D,ASK Homework,TopWare Interactive,2012-09-19,9.99,9.99,0,365,546,911,40.1,500000,1000000,750000,2,2012,9
1278480,Smart Game Booster,Smart Game Booster,Smart Game Booster,2020-05-11,0.0,0.0,0,1434,374,1808,79.3,500000,1000000,750000,111,2020,5
345180,Victor Vran ARPG,Haemimont Games,"Haemimont Games, EuroVideo Medien",2015-07-24,19.99,19.99,0,5456,904,6360,85.8,500000,1000000,750000,8,2015,7
611660,Fallout 4 VR,Bethesda Game Studios,Bethesda Softworks,2017-12-11,59.99,59.99,0,5030,3269,8299,60.6,500000,1000000,750000,40,2017,12
274900,Murder Miners,JForce Games,JForce Games,2014-07-25,2.99,2.99,0,5492,874,6366,86.3,500000,1000000,750000,12,2014,7
874390,The Battle of Polytopia,Midjiwan AB,Midjiwan AB,2020-08-04,14.99,14.99,0,4832,316,5148,93.9,500000,1000000,750000,194,2020,8
360830,Yooka-Laylee,Playtonic Games,Playtonic Friends,2017-04-11,19.99,19.99,0,3937,1320,5257,74.9,500000,1000000,750000,14,2017,4
851100,Touhou Luna Nights,"Team Ladybug, WSS playground","WSS playground, Alliance Arts",2019-02-25,17.99,17.99,0,13668,339,14007,97.6,500000,1000000,750000,15,2019,2
1173770,FINAL FANTASY,Square Enix,Square Enix,2021-07-28,7.19,11.99,40,6448,365,6813,94.6,500000,1000000,750000,89,2021,7
249650,Blackguards,Daedalic Entertainment,Daedalic Entertainment,2014-01-22,9.99,9.99,0,2329,1416,3745,62.2,500000,1000000,750000,9,2014,1
834530,Yakuza Kiwami,Ryu Ga Gotoku Studio,SEGA,2019-02-19,10.99,19.99,45,20429,1448,21877,93.4,500000,1000000,750000,188,2019,2
557180,League of Maidens,Maiden Gaming Inc.,Maiden Gaming Inc.,2025-04-02,0.0,0.0,0,3275,2742,6017,54.4,500000,1000000,750000,15,2025,4
6030,STAR WARS Jedi Knight II - Jedi Outcast,Raven Software,"LucasArts, Lucasfilm, Disney",2009-09-16,9.99,9.99,0,4281,413,4694,91.2,500000,1000000,750000,40,2009,9
288160,The Room,Fireproof Games,Fireproof Games,2014-07-28,4.99,4.99,0,28356,641,28997,97.8,500000,1000000,750000,42,2014,7
1113560,NieR Replicant ver.1.22474487139...,"Square Enix, Toylogic Inc.",Square Enix,2021-04-23,23.99,59.99,60,22534,3008,25542,88.2,500000,1000000,750000,207,2021,4
2378900,The Coffin of Andy and Leyley,Kit9 Studio,Kit9 Studio,2023-10-13,11.99,11.99,0,29090,1067,30157,96.5,500000,1000000,750000,277,2023,10
32360,The Secret of Monkey Island: Special Edition,LucasArts,"LucasArts, Lucasfilm, Disney",2009-07-15,9.99,9.99,0,5529,270,5799,95.3,500000,1000000,750000,16,2009,7
2114740,Blasphemous 2,The Game Kitchen,Team17,2023-08-24,11.24,44.99,75,13000,1237,14237,91.3,500000,1000000,750000,202,2023,8
3017860,DOOM: The Dark Ages,id Software,Bethesda Softworks,2025-05-14,49.99,49.99,0,18891,2780,21671,87.2,500000,1000000,750000,3518,2025,5
1275350,Ninja Kiwi Archive,Ninja Kiwi,Ninja Kiwi,2020-07-08,0.0,0.0,0,5107,332,5439,93.9,500000,1000000,750000,89,2020,7
385760,NBA 2K17,Visual Concepts,2K,2016-09-20,0.0,0.0,0,4724,4074,8798,53.7,500000,1000000,750000,54,2016,9
2058190,Lost Judgment,RGG Studio,SEGA,2022-09-14,39.99,39.99,0,7238,428,7666,94.4,500000,1000000,750000,233,2022,9
6980,Thief: Deadly Shadows,Ion Storm,Eidos Interactive Corp.,2007-03-29,8.99,8.99,0,1990,459,2449,81.3,500000,1000000,750000,6,2007,3
360940,The Mean Greens - Plastic Warfare,"Virtual Basement LLC, Code Headquarters LLC",Virtual Basement LLC,2015-12-08,9.99,9.99,0,8332,1879,10211,81.6,500000,1000000,750000,4,2015,12
503940,Railway Empire,Gaming Minds Studios,Kalypso Media,2018-01-26,29.99,29.99,0,7797,1619,9416,82.8,500000,1000000,750000,142,2018,1
424030,War of Rights,Campfire Games,Campfire Games,2018-12-03,29.99,29.99,0,11619,1526,13145,88.4,500000,1000000,750000,298,2018,12
1244090,Sea of Stars: Sunset Edition,Sabotage Studio,Sabotage Studio,2023-08-28,34.99,34.99,0,11331,1367,12698,89.2,500000,1000000,750000,509,2023,8
1104640,New Frontier,Free Reign Entertainment,Free Reign Entertainment,2019-12-27,0.0,0.0,0,1834,1883,3717,49.3,500000,1000000,750000,1,2019,12
1458560,I'm on Observation Duty 3,Notovia,Notovia,2020-11-13,2.99,2.99,0,242,67,309,78.3,500000,1000000,750000,2,2020,11
539470,Police Stories,HypeTrain Digital,HypeTrain Digital,2019-09-19,19.99,19.99,0,7406,1295,8701,85.1,500000,1000000,750000,18,2019,9
252150,Grimm,Spicyhorse Games,Spicyhorse Games,2014-01-06,0.0,0.0,0,10338,925,11263,91.8,500000,1000000,750000,3,2014,1
22350,BRINK,Splash Damage,Bethesda Softworks,2011-05-09,0.0,0.0,0,4999,2954,7953,62.9,500000,1000000,750000,22,2011,5
761620,Beholder 2,Alawar Stargaze (Warm Lamp Games),Alawar,2018-12-04,2.69,17.99,85,6253,890,7143,87.5,500000,1000000,750000,76,2018,12
1128000,Cube World,Picroma,Picroma,2019-09-30,19.99,19.99,0,6872,11701,18573,37.0,500000,1000000,750000,10,2019,9
1089130,Quake II RTX,Lightspeed Studios™,NVIDIA,2019-06-06,0.0,0.0,0,4009,581,4590,87.3,500000,1000000,750000,5,2019,6
326360,Warspear Online,Titulum Enterprises Limited,Titulum Enterprises Limited,2017-11-02,0.0,0.0,0,2068,767,2835,72.9,500000,1000000,750000,122,2017,11
305260,Battle Islands,DR Studios,505 Games,2014-08-06,0.0,0.0,0,2604,822,3426,76.0,500000,1000000,750000,19,2014,8
753650,Due Process,Giant Enemy Crab,Giant Enemy Crab,2020-11-03,9.99,9.99,0,6713,1495,8208,81.8,500000,1000000,750000,29,2020,11
2849080,Kingdom Rush 5: Alliance TD,Ironhide Game Studio,Ironhide Game Studio,2024-07-25,12.99,19.99,35,7763,1092,8855,87.7,500000,1000000,750000,386,2024,7
939850,The Dark Pictures Anthology: Man of Medan,Supermassive Games,BANDAI NAMCO Entertainment Europe,2019-08-29,19.99,19.99,0,8812,2797,11609,75.9,500000,1000000,750000,41,2019,8
550470,NosTale - Anime MMORPG,"Entwell Co., Ltd.",Gameforge 4D GmbH,2017-09-18,0.0,0.0,0,2432,1001,3433,70.8,500000,1000000,750000,210,2017,9
343360,Particula,Microblast Games,SA Industry,2015-02-02,29.99,29.99,0,1664,721,2385,69.8,500000,1000000,750000,6,2015,2
2300,DOOM II,id Software,id Software,2007-08-03,0.0,0.0,0,8691,417,9108,95.4,500000,1000000,750000,16,2007,8
397340,SimplePlanes,"Jundroo, LLC","Jundroo, LLC",2015-12-17,12.99,12.99,0,9763,707,10470,93.2,500000,1000000,750000,81,2015,12
255220,GRID Autosport,"Codemasters Racing, Feral Interactive (Mac), Feral Interactive (Linux)","Codemasters, Feral Interactive (Mac), Feral Interactive (Linux)",2014-06-26,0.0,0.0,0,6764,1914,8678,77.9,500000,1000000,750000,15,2014,6
774801,Crab Champions,Noisestorm,Noisestorm,2023-04-01,9.99,9.99,0,26307,553,26860,97.9,500000,1000000,750000,796,2023,4
464060,RUINER,Reikon Games,Devolver Digital,2017-09-26,19.99,19.99,0,10381,1211,11592,89.6,500000,1000000,750000,5,2017,9
49600,Beat Hazard,Cold Beam Games,Cold Beam Games,2010-04-15,9.99,9.99,0,6984,395,7379,94.6,500000,1000000,750000,4,2010,4
1158160,Coral Island,Stairway Games,Balor Games,2023-11-14,17.99,29.99,40,19184,2544,21728,88.3,500000,1000000,750000,1328,2023,11
728530,SD GUNDAM G GENERATION CROSS RAYS,"TOM CREATE, 株式会社トムクリエイト","BANDAI NAMCO Entertainment, 株式会社バンダイナムコエンターテインメント",2019-11-27,39.99,39.99,0,6572,1294,7866,83.5,500000,1000000,750000,227,2019,11
2135150,Elin,Lafrontier,Lafrontier,2024-11-01,19.99,19.99,0,6163,412,6575,93.7,500000,1000000,750000,1277,2024,11
2142790,Fields of Mistria,NPC Studio,NPC Studio,2026-08-05,13.99,13.99,0,19544,414,19958,97.9,500000,1000000,750000,1616,2026,8
252870,PULSAR: Lost Colony,Leafy Games,Leafy Games,2021-06-22,19.99,19.99,0,5020,558,5578,90.0,500000,1000000,750000,21,2021,6
336390,System Shock 2 (1999),"Nightdive Studios, Irrational Games, Looking Glass Studios",Nightdive Studios,2013-05-10,9.99,9.99,0,4408,279,4687,94.0,500000,1000000,750000,0,2013,5
223830,Xenonauts,Goldhawk Interactive,Goldhawk Interactive,2014-06-16,24.99,24.99,0,4265,624,4889,87.2,500000,1000000,750000,53,2014,6
1843760,Rogue Tower,Die of Death Games,Die of Death Games,2022-01-28,14.99,14.99,0,4637,996,5633,82.3,500000,1000000,750000,147,2022,1
360170,How to Survive 2,Eko Software,505 Games,2016-09-08,3.74,14.99,75,7552,3362,10914,69.2,500000,1000000,750000,10,2016,9
644830,The Surge 2,Deck13,Focus Entertainment,2019-09-23,29.99,29.99,0,6523,2005,8528,76.5,500000,1000000,750000,81,2019,9
248820,Risk of Rain (2013),Hopoo Games,"Gearbox Publishing, 2K",2013-11-08,9.99,9.99,0,27648,1978,29626,93.3,500000,1000000,750000,25,2013,11
1681430,RoboCop: Rogue City,Teyon,Nacon,2023-11-02,39.99,39.99,0,20146,2561,22707,88.7,500000,1000000,750000,238,2023,11
72200,Universe Sandbox Legacy,Giant Army,Giant Army,2011-04-29,0.0,0.0,0,2372,579,2951,80.4,500000,1000000,750000,14,2011,4
97100,Section 8: Prejudice,TimeGate Studios,Atari,2011-05-04,0.0,0.0,0,835,229,1064,78.5,500000,1000000,750000,0,2011,5
1026680,FINAL FANTASY VIII - REMASTERED,Square Enix,Square Enix,2019-09-03,7.99,19.99,60,3363,1239,4602,73.1,500000,1000000,750000,145,2019,9
462770,Pyre,Supergiant Games,Supergiant Games,2017-07-25,19.99,19.99,0,8178,860,9038,90.5,500000,1000000,750000,10,2017,7
681280,Descenders,RageSquid,No More Robots,2019-05-07,24.99,24.99,0,18141,1092,19233,94.3,500000,1000000,750000,190,2019,5
774241,Warhammer: Chaosbane,Eko Software,Nacon,2019-05-31,1.49,29.99,95,3505,2567,6072,57.7,500000,1000000,750000,14,2019,5
95400,ibb & obb,"Sparpweed, Codeglue",Sparpweed,2014-05-26,11.99,11.99,0,5959,664,6623,90.0,500000,1000000,750000,29,2014,5
276810,Mordheim: City of the Damned,Rogue Factor,Nacon,2015-11-19,1.39,19.99,93,5662,2399,8061,70.2,500000,1000000,750000,112,2015,11
548570,RAGE 2,"id Software, Avalanche Studios",Bethesda Softworks,2019-05-13,39.99,39.99,0,10320,6086,16406,62.9,500000,1000000,750000,42,2019,5
574820,Cat or Bread?,Casioqu,Casioqu,2017-05-08,1.99,1.99,0,691,55,746,92.6,500000,1000000,750000,0,2017,5
203630,Warlock - Master of the Arcane,Ino-Co Plus,Paradox Interactive,2012-05-08,24.99,24.99,0,2216,355,2571,86.2,500000,1000000,750000,27,2012,5
593600,PixARK,Snail Games USA,Snail Games USA,2019-05-31,19.99,19.99,0,9112,3400,12512,72.8,500000,1000000,750000,165,2019,5
1510,Uplink,Introversion Software,Introversion Software,2006-08-23,11.99,11.99,0,2143,216,2359,90.8,500000,1000000,750000,2,2006,8
1041320,Lords Mobile,IGG SINGAPORE PTE. LTD.,IGG SINGAPORE PTE. LTD.,2019-06-02,0.0,0.0,0,3761,1856,5617,67.0,500000,1000000,750000,1080,2019,6
1547000,Grand Theft Auto: San Andreas – The Definitive Edition,Rockstar Games,Rockstar Games,2023-01-19,19.79,59.99,67,6814,2051,8865,76.9,500000,1000000,750000,330,2023,1
3700,Sniper Elite,Rebellion,Rebellion,2009-07-16,7.99,7.99,0,2906,890,3796,76.6,500000,1000000,750000,21,2009,7
473690,Absolver,Sloclap,Devolver Digital,2017-08-29,2.99,29.99,90,10497,4039,14536,72.2,500000,1000000,750000,22,2017,8
413420,Danganronpa 2: Goodbye Despair,"Spike Chunsoft Co., Ltd., Abstraction Games","Spike Chunsoft Co., Ltd.",2016-04-18,19.99,19.99,0,25613,998,26611,96.2,500000,1000000,750000,198,2016,4
447530,VA-11 Hall-A: Cyberpunk Bartender Action,Sukeban Games,"Ysbryd Games, PLAYISM",2016-06-21,14.99,14.99,0,35526,936,36462,97.4,500000,1000000,750000,62,2016,6
315430,Polarity,Bluebutton Games,Bluebutton Games,2016-07-15,12.99,12.99,0,3721,969,4690,79.3,500000,1000000,750000,0,2016,7
508170,BlackSmith HIT,ENTERi,Forever Entertainment S. A.,2016-08-05,0.99,0.99,0,570,119,689,82.7,500000,1000000,750000,0,2016,8
248610,Door Kickers,KillHouse Games,KillHouse Games,2014-10-20,19.99,19.99,0,9277,561,9838,94.3,500000,1000000,750000,18,2014,10
256290,Child of Light,Ubisoft Montréal,Ubisoft,2014-04-29,4.49,14.99,70,12122,1098,13220,91.7,500000,1000000,750000,12,2014,4
13250,Unreal Gold,"Epic Games, Inc.",2K,2008-03-17,0.0,0.0,0,2208,267,2475,89.2,500000,1000000,750000,3,2008,3
758190,Dragon Cliff,Meta Interaction,Meta Interaction,2018-05-11,9.99,9.99,0,6998,826,7824,89.4,500000,1000000,750000,216,2018,5
1195460,Last Year,Undaunted Games,Undaunted Games,2019-12-09,0.0,0.0,0,5991,3711,9702,61.8,500000,1000000,750000,8,2019,12
252850,Streamline,Proletariat Inc.,Proletariat Inc.,2016-09-30,0.0,0.0,0,1426,582,2008,71.0,500000,1000000,750000,10,2016,9
2381590,Only Up,Indiesolodev,Indiesolodev,2023-05-24,0.0,0.0,0,11002,4035,15037,73.2,500000,1000000,750000,22,2023,5
212390,Continent of the Ninth Seal,"VALOFE, Webzen",VALOFE,2012-09-13,0.0,0.0,0,1006,403,1409,71.4,500000,1000000,750000,1,2012,9
260230,Valiant Hearts: The Great War / Soldats Inconnus : Mémoires de la Grande Guerre,Ubisoft Montpellier,Ubisoft,2014-06-25,3.74,14.99,75,24888,1155,26043,95.6,500000,1000000,750000,25,2014,6
296470,Mount Your Friends,Stegersaurus Software Inc.,Stegersaurus Software Inc.,2014-07-29,4.99,4.99,0,7327,366,7693,95.2,500000,1000000,750000,1,2014,7
219830,King Arthur's Gold,Transhuman Design,Transhuman Design,2013-11-05,0.0,0.0,0,4390,814,5204,84.4,500000,1000000,750000,11,2013,11
200210,Realm of the Mad God Exalt,"Wild Shadow Studios, Deca Live Operations GmbH",Deca Live Operations GmbH,2012-02-20,0.0,0.0,0,38723,7897,46620,83.1,500000,1000000,750000,1853,2012,2
824550,SD GUNDAM BATTLE ALLIANCE,ARTDINK,Bandai Namco Entertainment,2022-08-24,21.24,84.99,75,3683,2160,5843,63.0,500000,1000000,750000,8,2022,8
1135690,Unpacking,Witch Beam,Balor Games,2021-11-01,19.99,19.99,0,32883,2418,35301,93.2,500000,1000000,750000,260,2021,11
372800,RPG MO,Marxnet,Marxnet,2015-08-18,0.0,0.0,0,2289,613,2902,78.9,500000,1000000,750000,49,2015,8
2437170,SMITE 2,Titan Forge Games,Hi-Rez Studios,2024-08-27,0.0,0.0,0,8257,6096,14353,57.5,500000,1000000,750000,4975,2024,8
666860,Bit Heroes Quest,Juppiomenz,Kongregate,2017-12-13,0.0,0.0,0,2567,619,3186,80.6,500000,1000000,750000,236,2017,12
2140510,Town of Salem 2,BlankMediaGames LLC,Digital Bandidos,2023-08-25,0.0,0.0,0,5692,2092,7784,73.1,500000,1000000,750000,382,2023,8
78000,Bejeweled 3,"PopCap Games, Inc.","PopCap Games, Inc., Electronic Arts",2010-12-07,4.99,4.99,0,6963,296,7259,95.9,500000,1000000,750000,387,2010,12
503560,911 Operator,Jutsu Games,Games Operators,2017-02-24,2.99,14.99,80,14616,1819,16435,88.9,500000,1000000,750000,87,2017,2
429050,Feed and Grow: Fish,Old B1ood,Greens s.r.o.,2016-01-08,14.99,14.99,0,14733,4239,18972,77.7,500000,1000000,750000,189,2016,1
33229,Tom Clancy's Splinter Cell Conviction,Ubisoft Montreal,Ubisoft,2010-04-29,9.99,9.99,0,3188,1248,4436,71.9,500000,1000000,750000,0,2010,4
909080,Cube Escape: Paradox,Rusty Lake,Rusty Lake,2018-09-20,0.0,0.0,0,10264,290,10554,97.3,500000,1000000,750000,168,2018,9
1496790,Gotham Knights,"Warner Bros. Games Montréal, QLOC",Warner Bros. Games,2022-10-21,59.99,59.99,0,15271,7395,22666,67.4,500000,1000000,750000,204,2022,10
285330,RollerCoaster Tycoon 2: Triple Thrill Pack,Chris Sawyer Productions,Atari,2014-05-21,9.99,9.99,0,4864,581,5445,89.3,500000,1000000,750000,96,2014,5
1782120,ZERO Sievert,CABO Studio,Modern Wolf,2024-10-23,19.99,19.99,0,11326,1912,13238,85.6,500000,1000000,750000,261,2024,10
1259980,RIDE 4,Milestone S.r.l.,Milestone S.r.l.,2020-10-08,39.99,39.99,0,9661,2068,11729,82.4,500000,1000000,750000,209,2020,10
732690,FIVE NIGHTS AT FREDDY'S: HELP WANTED,Steel Wool Studios,ScottGames,2019-05-28,29.99,29.99,0,11969,494,12463,96.0,500000,1000000,750000,29,2019,5
311290,SpellForce 3 Reforced,Grimlore Games,THQ Nordic,2017-12-07,9.99,39.99,75,5837,1766,7603,76.8,500000,1000000,750000,12,2017,12
954740,Terminator: Resistance,Teyon,Reef Entertainment,2019-11-14,39.99,39.99,0,15132,1348,16480,91.8,500000,1000000,750000,39,2019,11
784080,MechWarrior 5: Mercenaries,Piranha Games Inc.,Piranha Games Inc.,2021-05-26,29.99,29.99,0,10793,1963,12756,84.6,500000,1000000,750000,636,2021,5
941460,Death Trash,Crafting Legends,Crafting Legends,2021-08-05,19.99,19.99,0,3291,242,3533,93.2,500000,1000000,750000,3,2021,8
2336220,Feed the Cups,Vambear Games,IndieArk,2024-02-20,15.99,15.99,0,3922,9286,13208,29.7,500000,1000000,750000,1161,2024,2
362490,Exanima,Bare Mettle Entertainment,Bare Mettle Entertainment,2015-04-29,14.99,14.99,0,10132,2214,12346,82.1,500000,1000000,750000,84,2015,4
2772750,Age of History 3,Łukasz Jakowski,Łukasz Jakowski Games,2024-10-23,9.99,9.99,0,11105,1607,12712,87.4,500000,1000000,750000,481,2024,10
784150,Workers & Resources: Soviet Republic,3Division,Hooded Horse,2024-06-20,39.99,39.99,0,20192,1983,22175,91.1,500000,1000000,750000,2590,2024,6
236150,Starpoint Gemini 2,Little Green Men Games,Little Green Men Games,2014-09-26,34.99,34.99,0,2843,1250,4093,69.5,500000,1000000,750000,4,2014,9
